"IOBS","City","Month","Visit","Segment","Make","Model","Model_Yr","Stock_Status","Dealer_Price","Rec_Bank_1","Rec_Bank_2","Rec_Bank_3","Loan_Tenure_Yrs_1","Loan_Tenure_Yrs_2","Loan_Tenure_Yrs_3","Interest_Rate_1","Interest_Rate_2","Interest_Rate_3","Max_Loan_Perc_1","Max_Loan_Perc_2","Max_Loan_Perc_3","Downpayment_Perc_1","Downpayment_Perc_2","Downpayment_Perc_3","Opt_Finance_100_1","Opt_Finance_100_2","Reduced_Downpayment_1","Reduced_Downpayment_2","Reduced_Downpayment_3","Markup_Increase_Perc","Processing_Fees_AED_1","Processing_Fees_AED_2","Processing_Fees_AED_3","Direct_Bank_Interaction_1","Direct_Bank_Interaction_2","In_House_Processing_1","In_House_Processing_2","Sales_Exec_Manages_Process_1","Sales_Exec_Manages_Process_2","Team_Size_Internal_1","Team_Size_Internal_2","Team_Size_Internal_3","Loan_Approval_Days_1","Loan_Approval_Days_2","Loan_Approval_Days_3","Loan_Approval_Days_4","Loan_Approval_Days_5","Loan_Approval_Days_6","Loan_Approval_Days_7","Loan_Approval_Days_8","Loan_Approval_Days_9","Loan_Approval_Days_10","Lease_Company_Name_1","Lease_Company_Name_2","Lease_Company_Name_3","Lease_Company_Name_4","Lease_Rate_AED","Lease_Downpayment_AED","Lease_Service_Incl_1","Lease_Service_Incl_2","Lease_Insurance_Incl_1","Lease_Insurance_Incl_2","Lease_Charges_KM_AED_1","Lease_Charges_KM_AED_2","F_I_Rep_Confirm_1","F_I_Rep_Confirm_2","GAP_Finance_1","GAP_Finance_2","GAP_Vehicle_Replace_1","GAP_Vehicle_Replace_2","GAP_RTI_1","GAP_RTI_2","GAP_Brochure_1","GAP_Brochure_2","Pricing_GAP_1","Pricing_GAP_2","Pricing_Vehicle_Replace","Pricing_RTI","Tenure_Vehicle_Replace_1","Tenure_Vehicle_Replace_2","Tenure_Vehicle_Replace_3","Tenure_GAP_1","Tenure_GAP_2","Tenure_GAP_3","Tenure_RTI_1","Tenure_RTI_2","Tenure_RTI_3","Smart_Repair_YN_1","Smart_Repair_YN_2","Smart_Repair_Brochure_1","Smart_Repair_Brochure_2","Smart_Care_Plan","Voucher_Offers_Qty","Offers_Valid_Yrs_1","Offers_Valid_Yrs_2","Offers_Valid_Yrs_3","Ins_Company_1","Ins_Company_2","Ins_Company_3","Isl_Insurance_YN_1","Isl_Insurance_YN_2","Insurance_Rate_Perc_1","Insurance_Rate_Perc_2","Insurance_Rate_Perc_3","Insurance_Amt_AED_1","Insurance_Amt_AED_2","Insurance_Amt_AED_3","GCC_Coverage_1","GCC_Coverage_2","Oman_Card_1","Oman_Card_2","Vehicle_Hire_1","Vehicle_Hire_2","Excess_Payable_AED_1","Excess_Payable_AED_2","Excess_Payable_AED_3","Agency_Repair_Yrs_1","Agency_Repair_Yrs_2","Agency_Repair_If_Yes_Yrs_1","Agency_Repair_If_Yes_Yrs_2","Agency_Repair_If_Yes_Yrs_3","Agency_Repair_If_Yes_Yrs_4","Agency_Repair_If_Yes_Yrs_5","Contact_Accident_1","Contact_Accident_2","Claims_In_House_1","Claims_In_House_2","Dealership_Renewal_1","Dealership_Renewal_2","In_House_Renewal_Team_1","In_House_Renewal_Team_2","Shariah_Comp_Provider_1","Shariah_Comp_Provider_2","Insurance_Financeable_1","Insurance_Financeable_2","BAN3_1_1","BAN3_1_2","BAN3_1_3","BAN3_1_4","BAN3_1_5","BAN3_1_6","BAN3_1_7","BAN3_1_8","BAN3_1_9","BAN3_2_1","BAN3_2_2","BAN3_2_3","BAN3_2_4","BAN3_2_5","BAN3_2_6","BAN3_2_7","BAN3_2_8","BAN3_2_9","BAN3_3_1","BAN3_3_2","BAN3_3_3","BAN3_3_4","BAN3_3_5","BAN3_3_6","BAN3_3_7","BAN3_3_8","BAN3_3_9","BAN3_4_1","BAN3_4_2","BAN3_4_3","BAN3_4_4","BAN3_4_5","BAN3_4_6","BAN3_4_7"
1,1,1,1,5,6,1,2,1,269900.0000,5, , ,3, , ,0.0279, , ,0.8000,0.8000, ,0.2000,0.2000, ,0,1, , , , ,0.0100,0.0100, ,0,1,1,0,0,1, , , ,0,0,0,0,1,0,0,0,0,0,1,0,0,0,6207.0000, ,1,0,1,0, , ,1,0,0,1,1,0, , ,0,1, , , , , , , , , , , , , ,1,0,0,1, , , , , ,13, , ,0,1,0.0225, , ,6075.0000, , ,0,1,1,0,1,0, , , ,1,0,0,0,1,0,0,1,0,0,1,1,0,0,1,0,1, , , , , , , , , , , , , , , , , , , , , , , , , , , , , ,0,1,1,0,0,0,0,
2,1,1,1,2,2,2,3,2,86900.0000, , , ,3, , ,0.0120, , ,0.8000, , ,0.2000, , ,0,1, , , , ,0.0100, , ,1,0,0,1,0,1, , , ,0,0,0,0,0,0,0,1,0,0,0,1,0,0,1868.0000,3736.0000,1,0,1,0, , ,0,1,0,1,0,1, , ,0,1, , , , , , , , , , , , , ,0,1,0,1, , , , , ,7,4, ,0,1,0.0402, , ,3500.0000, , ,0,1,1,0,1,0, , , ,1,0,0,1,0,0,0, , , , , , , , , , , , , , , , , , , , , ,0,1,1,0,0,0,0,0,0, , , , , , , , , , , , , , , , ,
3,1,1,1,1,3,3,2,1,135900.0000,5, , ,3, , ,0.0390, , ,0.8000, , ,0.2000, , ,1,0,0.0000, , , ,0.0100, , ,0,1,1,0,0,1, , , ,0,0,0,0,1,0,0,0,0,0,1,0,0,0,2699.0000,3000.0000,1,0,1,0, , ,1,0,0,1,1,0, , ,0,1, , , , , , , , , , , , , ,1,0,0,1, , , , , ,13, , ,0,1,0.0357, , ,4861.0000, , ,0,1,1,0,1,0, , , ,1,0,0,0,1,0,0,1,0,0,1,1,0,0,1,0,1, , ,0,1,1,0,0,0,0,0,0, , , , , , , , , , , , , , , , , , , , , , , , , ,
4,1,1,1,3,6,4,2,2,123900.0000,5, , ,3, , ,0.0349, , ,0.8000,0.8000, ,0.2000,0.2000, ,0,1, , , , ,0.0100,0.0100, ,0,1,1,0,0,1, , , ,0,1,0,0,0,0,0,0,0,0, , , , , , , , , , , , ,1,0,0,1,1,0, , ,0,1, , , , , , , , , , , , , ,1,0,0,1, , , , , ,13, , ,0,1,0.0349, , ,4434.0000, , ,0,1,1,0,1,0, , , ,1,0,0,0,1,0,0,1,0,0,1,1,0,0,1,0,1, , , , , , , , , , , , , , , , , , , , ,0,1,1,0,0,0,0,0,0, , , , , , , ,
5,1,1,1,5,1,5,2,1,280245.0000,1,4,3,3,3,3,0.0260,0.0359,0.0260,0.9000,0.9000,0.9000,0.1000,0.1000,0.1000,0,1,0.1000,0.1000,0.1000, ,0.0100,0.0100,0.0100,0,1,1,0,0,1,10.0000,10.0000,10.0000,0,1,0,0,0,0,0,0,0,0, , , , , , , , , , , , ,1,0,1,0,1,0, , ,0,1, , , , , , , , , , , , , ,1,0,0,1, , , , , ,15, , ,1,0,0.0214, , ,6000.0000, , ,0,1,1,0,1,0, , , ,1,0,0,0,1,0,0,1,0,0,1,1,0,0,1,0,1, , , , , , , , , , , , , , , , , , , , , , , , , , , , , ,0,1,0,1,0,0,0,
6,1,1,1,3,1,6,3,1,107630.0000,1,4,3,3,3,3,0.0260,0.0359,0.0260,0.9000,0.9000,0.9000,0.1000,0.1000,0.1000,0,1,0.1000,0.1000,0.1000, ,0.0100,0.0100,0.0100,0,1,1,0,0,1,10.0000,10.0000,10.0000,0,1,0,0,0,0,0,0,0,0, , , , , , , , , , , , ,1,0,1,0,1,0, , ,0,1, , , , , , , , , , , , , ,1,0,0,1, , , , , ,15, , ,1,0,0.0557, , ,6000.0000, , ,0,1,1,0,1,0, , , ,1,0,0,0,1,0,0,1,0,0,1,1,0,0,1,0,1, , , , , , , , , , , , , , , , , , , , ,0,1,0,1,0,0,0,0,0, , , , , , , ,
7,1,1,1,1,4,7,2,1,141249.0000,1,3,5,3,3,3,0.0255, , ,1.0000,0.8000,0.8000,0.0000,0.2000,0.2000,1,1,0.0000, , , ,0.0100,0.0100,0.0100,0,1,1,0,0,1,10.0000,10.0000,10.0000,0,1,0,0,0,0,0,0,0,0, , , , , , , , , , , , ,1,0,0,1,0,1, , ,0,1, , , , , , , , , , , , , ,0,1,0,1, , , , , ,10, , ,1,0,0.0312, , ,4410.0000, , ,0,1,0,1,1,0, , , ,1,0,0,0,1,0,0,1,0,0,1,1,0,0,1,1,0, , ,0,1,0,1,0,0,0,0,0, , , , , , , , , , , , , , , , , , , , , , , , , ,
8,1,1,1,2,5,8,2,1,89250.0000,1,5,3,3,3,3,0.0255,0.0299,0.0390,0.9000,0.9000,0.9000,0.1000,0.1000,0.1000,0,1,0.1000,0.1000,0.1000, ,0.0100,0.0100,0.0100,0,1,1,0,0,1, , , ,0,0,0,0,0,0,0,1,0,0, , , , , , , , , , , , ,1,0,0,1,0,1, , ,0,1, , , , , , , , , , , , , ,1,0,0,1, , , , , ,15, , ,0,1,0.0000, , , , , ,0,1,1,0,1,0, , , ,1,0,0,0,1,0,0,1,0,0,1,1,0,0,1,0,1, , , , , , , , , , , ,0,1,0,1,0,0,0,0,0, , , , , , , , , , , , , , , , ,
9,1,1,1,1,6,9,2,1,114900.0000,3,5, ,3,3, ,0.0389,0.0400, ,0.8000,0.8000, ,0.1000,0.1000, ,0,1,0.1000,0.1000, , ,0.0100,0.0100, ,0,1,1,0,0,1, , , ,0,0,0,0,1,0,0,0,0,0, , , , , , , , , , , , ,1,0,0,1,1,0, , ,0,1, , , , , , , , , , , , , ,1,0,0,1, , , , , ,13, , ,0,1,0.0348, , ,4000.0000, , ,0,1,0,1,1,0, , , ,1,0,0,0,1,0,0,1,0,0,1,1,0,0,1,1,0, , ,0,1,0,0,1,0,0,0,0, , , , , , , , , , , , , , , , , , , , , , , , , ,
10,1,1,1,3,4,10,2,1,89999.0000,5,1,3,3,3,3,0.0300,0.0300,0.0300,0.8000,0.8000,0.8000,0.2000,0.2000,0.2000,0,1, , , , ,0.0100,0.0100,0.0100,0,1,1,0,0,1, , , ,0,0,0,0,1,0,0,0,0,0, , , , , , , , , , , , ,1,0,0,1,0,1, , ,0,1, , , , , , , , , , , , , ,0,1,0,1, , , , , ,10, , ,0,1,0.0000, , , , , ,0,1,0,1,1,0, , , ,1,0,0,0,1,0,0,1,0,0,1,1,0,0,1,0,1, , , , , , , , , , , , , , , , , , , , ,0,1,0,0,1,0,0,0,0, , , , , , , ,
11,1,1,1,2,6,11,1,1,77900.0000,5,3,1,3,3,3,0.0349,0.0375,0.0375,0.8000,0.8000,0.8000,0.2000,0.2000,0.2000,0,1, , , , ,0.0100,0.0100,0.0100,0,1,1,0,0,1, , , ,0,0,0,0,0,0,0,1,0,0, , , , , , , , , , , , ,1,0,0,1,1,0, , ,0,1, , , , , , , , , , , , , ,1,0,0,1, , , , , ,13,14, ,1,1,0.0510, , ,4027.0000, , ,0,1,1,0,1,0, , , ,1,0,0,0,1,0,0,1,0,0,1,1,0,0,1,1,0, , , , , , , , , , , ,0,1,0,0,1,0,0,0,0, , , , , , , , , , , , , , , , ,
12,1,1,2,3,1,6,3,1,107630.0000,3,2,1,3,3,3,0.0279,0.0299,0.0299,0.8000,0.8000,0.8000,0.2000,0.2000,0.2000,0,1,0.0500,0.0500,0.0500, ,0.0100,0.0100,0.0100,0,1,1,0,0,1, , , ,0,0,0,0,0,0,0,1,0,0, , , , , , , , , , , , ,1,0,0,1,1,0, , ,0,1, , , , , , , , , , , , , ,1,0,0,1, , , , , ,15,17, ,1,1,0.0362,0.0501, ,3900.0000,5400.0000, ,0,1,1,0,1,0, , , ,1,0,0,0,0,0,1,1,0,0,1,1,0,0,1,0,1, , , , , , , , , , , , , , , , , , , , ,0,1,0,1,0,0,0,0,0, , , , , , , ,
13,1,1,2,3,4,10,2,1,89999.0000,1,3,5,3,3,3,0.0290,0.0290,0.0290,0.8000,0.8000,0.8000,0.2000,0.2000,0.2000,1,1,0.0000, , , ,0.0100,0.0100,0.0100,0,1,1,0,0,1, , , ,0,0,0,0,1,0,0,0,0,0, , , , , , , , , , , , ,1,0,0,1,0,1, , ,0,1, , , , , , , , , , , , , ,1,0,0,1, , , , , ,15, , ,1,0,0.0000, , , , , ,0,1,1,0,1,0, , , ,1,0,0,0,1,0,0,1,0,0,1,1,0,0,1,0,1, , , , , , , , , , , , , , , , , , , , ,0,1,0,0,1,0,0,0,0, , , , , , , ,
14,1,1,2,2,5,8,2,1,89250.0000,1,5,3,3,3,3,0.0255,0.0299,0.0375,0.8000,0.8000,0.8000,0.2000,0.2000,0.2000,0,1,0.1200, , , ,0.0100,0.0100,0.0100,0,1,1,0,0,1, , , ,1,0,0,0,0,0,0,0,0,0, , , , , , , , , , , , ,0,1,0,1,0,1, , ,0,1, , , , , , , , , , , , , ,1,0,0,1, , , , , ,15, , ,1,0,0.0350, , ,2000.0000, , ,0,1,1,0,1,0, , , ,1,0,0,0,1,0,0,1,0,0,1,1,0,0,1,0,1, , , , , , , , , , , ,0,1,0,1,0,0,0,0,0, , , , , , , , , , , , , , , , ,
15,1,1,2,3,6,4,2,2,123900.0000,3,5,1,3,3,3,0.0289,0.0289,0.0287,0.8000,0.8000,0.8000,0.2000,0.2000,0.2000,0,1, , , , ,0.0100,0.0100,0.0100,0,1,1,0,0,1, , , ,0,0,1,0,0,0,0,0,0,0,0,0,1,0,2900.0000,4000.0000,1,0,1,0,1,0,1,0,0,1,1,0, , ,0,1, , , , , , , , , , , , , ,1,0,0,1, , , , , ,13,15, ,1,0,0.0399,0.0350, , , , ,0,1,1,0,1,0, , , ,1,0,0,0,1,0,0,1,0,0,1,1,0,0,1,0,1, , , , , , , , , , , , , , , , , , , , ,0,1,1,0,0,0,0,0,0, , , , , , , ,
16,1,1,2,2,6,11,1,1,76900.0000,3,1,5,2,2,2,0.0335,0.0315,0.0299,0.8000,0.8000,0.8000,0.2000,0.2000,0.2000,0,1, , , , ,0.0100,0.0100,0.0100,0,1,1,0,0,1, , , ,0,0,0,0,1,0,0,0,0,0,0,0,1,0,2537.0000,3633.0000,1,0,1,0,1,0,0,1,0,1,1,0, , ,0,1, , , , , , , , , , , , , ,1,0,0,1, , , , , ,14,13, ,1,1,0.0510,0.0510, ,4043.0000,4043.0000, ,0,1,1,0,1,0, , , ,1,0,0,0,1,0,0,1,0,0,1,1,0,0,1,1,1, , , , , , , , , , , ,0,1,0,0,1,0,0,0,0, , , , , , , , , , , , , , , , ,
17,1,1,2,1,4,7,2,2,113000.0000,5,3, ,3,3, ,0.0299, , ,1.0000,1.0000,1.0000,0.0000,0.0000,0.0000,1,0,0.0000,0.0000,0.0000, ,0.0100,0.0100,0.0100,0,1,1,0,0,1, , , ,0,0,0,0,0,0,0,1,0,0, , , , , , , , , , , , ,1,0,0,1,1,0, , ,0,1, , , , , , , , , , , , , ,1,0,0,1, , , , , ,15, , ,1,0,0.0367, , ,4153.0000, , ,0,1,1,0,1,0, , , ,1,0,0,0,1,0,0,1,0,0,1,1,0,0,1,1,0, , ,0,1,0,1,0,0,0,0,0, , , , , , , , , , , , , , , , , , , , , , , , , ,
18,1,1,2,1,6,9,2,1,114900.0000,5,3,1,3,3,3,0.0299,0.0335,0.0315,0.8000,0.8000,0.8000,0.2000,0.2000,0.2000,0,1, , , , ,0.0100,0.0100,0.0100,0,1,1,0,0,1, , , ,0,0,0,0,0,0,0,1,0,0, , , , , , , , , , , , ,1,0,0,1,1,0, , ,0,1, , , , , , , , , , , , , ,1,0,0,1, , , , , ,13, , ,0,1,0.0348, , ,4006.0000, , ,0,1,1,0,1,0, , , ,1,0,0,0,1,0,0,1,0,0,1,1,0,0,1,0,1, , ,0,1,0,0,1,0,0,0,0, , , , , , , , , , , , , , , , , , , , , , , , , ,
19,1,1,2,1,3,3,2,1,135900.0000,5,3,4,3,3,3,0.0299,0.0350,0.0300,0.8000,0.8000,0.8000,0.2000,0.2000,0.2000,1,0,0.0000,0.0000,0.0000, ,0.0100,0.0100,0.0100,0,1,1,0,0,1, , , ,0,0,0,0,0,0,0,1,0,0,1,0,0,0,3000.0000,3000.0000,1,0,1,0,1,0,0,1,0,1,1,0, , ,0,1, , , , , , , , , , , , , ,1,0,0,1, , , , , ,13, , ,0,1,0.0357, , ,4861.0000, , ,0,1,1,0,1,0, , , ,1,0,0,0,1,0,0,1,0,0,1,1,0,0,1,0,1, , ,0,1,1,0,0,0,0,0,0, , , , , , , , , , , , , , , , , , , , , , , , , ,
20,1,1,2,2,2,2,3,1,86900.0000,4,5, ,3,3, ,0.0120,0.0120, ,0.8000,0.8000,0.8000,0.2000,0.2000,0.2000,0,1, , , , ,0.0100,0.0100,0.0100,1,0,0,1,0,1, , , ,0,0,0,0,1,0,0,0,0,0,0,1,0,0,1868.0000,3736.0000,1,0,1,0, , ,0,1,0,1,0,1, , ,0,1, , , , , , , , , , , , , ,0,1,0,1, , , , , ,7,4, ,0,1,0.0402, , ,3500.0000, , ,0,1,1,0,1,0, , , ,1,0,0,1,0,0,0, , , , , , , , , , , , , , , , , , , , , ,0,1,1,0,0,0,0,0,0, , , , , , , , , , , , , , , , ,
21,1,1,2,5,6,1,2,1,269900.0000,5,4,1,3,3,3,0.0275,0.0290,0.0300,0.8000,0.8000,0.8000,0.2000,0.2000,0.2000,0,1, , , , ,0.0100,0.0100,0.0100,0,1,1,0,0,1, , , ,0,0,0,0,0,0,0,1,0,0, , , , , , , , , , , , ,1,0,0,1,1,0, , ,0,1, , , , , , , , , , , , , ,1,0,0,1, , , , , ,13,14, ,1,1,0.0218, , ,5898.0000,5898.0000, ,0,1,1,0,1,0, , , ,1,0,0,0,1,0,0,1,0,0,1,1,0,0,1,1,1, , , , , , , , , , , , , , , , , , , , , , , , , , , , , ,0,1,1,0,0,0,0,
22,1,1,2,5,1,5,2,1,280245.0000,5,4, ,3,3, ,0.0245,0.0350, ,0.9000,0.9000, ,0.1000,0.1000, ,0,1,0.1000,0.1000, , ,0.0100,0.0100, ,0,1,1,0,0,1, , , ,0,0,0,0,1,0,0,0,0,0, , , , , , , , , , , , ,1,0,0,1,1,0, , ,0,1, , , , , , , , , , , , , ,1,0,0,1, , , , , ,15,12, ,1,0,0.0214, , ,6000.0000,6000.0000, ,0,1,1,0,1,0, , , ,1,0,0,0,1,0,0,1,0,0,1,1,0,0,1,0,1, , , , , , , , , , , , , , , , , , , , , , , , , , , , , ,0,1,0,1,0,0,0,
23,1,2,1,3,1,6,3,1,107600.0000,1,3,5,3,3,3,0.0290,0.0260,0.0299,0.8000,0.8000,0.8000,0.2000,0.2000,0.2000,0,1, , , , ,0.0100,0.0100,0.0100,0,1,1,0,0,1, , , ,0,1,0,0,0,0,0,0,0,0, , , , , , , , , , , , ,1,0,1,0,1,0, , ,0,1, , , , , , , , , , , , , ,0,1,0,1, , , , , ,10,5,1,1,1,0.0278, , ,3000.0000,3000.0000,3000.0000,0,1,1,0,1,0, , , ,1,0,0,0,1,0,0,1,0,0,1,1,1,0,1,0,1, , , , , , , , , , , , , , , , , , , , ,0,1,0,1,0,0,0,0,0, , , , , , , ,
24,1,2,1,2,2,2,3,1,86900.0000,5,1,3,3,3,3,0.0299,0.0315,0.0349,0.8000,0.8000,0.8000,0.2000,0.2000,0.2000,1,0,0.0000,0.0000,0.0000, ,0.0100,0.0100,0.0100,0,1,0,1,1,0,2.0000, , ,0,0,0,0,1,0,0,0,0,0,0,1,0,0,2587.0000,3736.0000,1,0,1,0,1,0,1,0,0,1,0,1, , ,0,1, , , , , , , , , , , , , ,0,1,0,1, , , , , ,13,5,2,0,1,0.0460, , ,4000.0000,4000.0000,4000.0000,0,1,1,0,1,0, , , ,1,0,0,0,1,0,0,1,0,0,1,1,1,0,1,0,1, , , , , , , , , , , ,0,1,1,0,0,0,0,0,0, , , , , , , , , , , , , , , , ,
25,1,2,1,1,3,3,2,1,134900.0000,5,1,3,3,3,3,0.0299,0.0315,0.0349,0.8000,0.8000,0.8000,0.2000,0.2000,0.2000,1,0,0.0000,0.0000,0.0000, ,0.0100,0.0100,0.0100,0,1,1,0,0,1,2.0000, , ,0,0,0,0,1,0,0,0,0,0,1,0,0,0,1999.0000,6412.0000,1,0,1,0,1,0,1,0,0,1,1,0, , ,0,1, , , , , , , , , , , , , ,1,0,0,1, , , , , ,13, , ,0,1,0.0360, , ,4825.0000, , ,0,1,1,0,1,0, , , ,1,0,0,0,1,0,0,1,0,0,1,1,0,0,1,0,1, , ,0,1,1,0,0,0,0,0,0, , , , , , , , , , , , , , , , , , , , , , , , , ,
26,1,2,1,1,4,7,2,2,112999.0000,1,3,5,3,3,3,0.0279,0.0349,0.0299,0.8000,0.8000,0.8000,0.2000,0.2000,0.2000,1,0,0.0000,0.0000,0.0000, ,0.0100,0.0100,0.0100,0,1,1,0,0,1, , , ,0,1,0,0,0,0,0,0,0,0, , , , , , , , , , , , ,1,0,0,1,0,1, , ,0,1, , , , , , , , , , , , , ,1,0,0,1, , , , , ,15, , ,0,1,0.0393, , ,4449.0000, , ,0,1,1,0,1,0, , , ,1,0,0,0,1,0,0,1,0,0,1,1,0,0,1,0,1, , ,0,1,0,1,0,0,0,0,0, , , , , , , , , , , , , , , , , , , , , , , , , ,
27,1,2,1,2,6,11,1,2,76900.0000,1,5,3,3,3,3,0.0290,0.0299,0.0349,0.8000,0.8000,0.8000,0.2000,0.2000,0.2000,0,1, , , , ,0.0100,0.0100,0.0100,0,1,1,0,0,1,2.0000, , ,0,0,0,0,1,0,0,0,0,0,1,0,0,0,1622.0000,15380.0000,1,0,1,0,1,0,1,0,0,1,1,0, , ,0,1, , , , , , , , , , , , , ,1,0,0,1, , , , , ,13,11, ,1,1,0.0593,0.0593, ,4567.0000,4567.0000, ,0,1,1,0,1,0, , , ,1,0,0,0,1,0,0,1,0,0,1,1,0,0,1,0,1, , , , , , , , , , , ,0,1,0,0,1,0,0,0,0, , , , , , , , , , , , , , , , ,
28,1,2,1,1,6,9,2,1,138900.0000,5,2,1,3,3,3,0.0299,0.0349,0.0290,0.8000,0.8000,0.8000,0.2000,0.2000,0.2000,0,1, , , , ,0.0100,0.0100,0.0100,0,1,1,0,0,1,2.0000, , ,0,0,1,0,0,0,0,0,0,0,1,0,0,0,2545.0000,27780.0000,1,0,1,0,1,0,1,0,0,1,1,0, , ,0,1, , , , , , , , , , , , , ,1,0,0,1, , , , , ,13, , ,0,1,0.0446, , ,6200.0000, , ,0,1,1,0,1,0, , , ,1,0,0,0,1,0,0,1,0,0,1,1,0,0,1,0,1, , ,0,1,0,0,1,0,0,0,0, , , , , , , , , , , , , , , , , , , , , , , , , ,
29,1,2,1,3,6,4,2,1,152900.0000,5,2,1,3,3,3,0.0299,0.0349,0.0290,0.8000,0.8000,0.8000,0.2000,0.2000,0.2000,0,1, , , , ,0.0100,0.0100,0.0100,0,1,1,0,0,1,2.0000, , ,0,0,1,0,0,0,0,0,0,0,1,0,0,0,2900.0000,4000.0000,1,0,1,0,1,0,1,0,0,1,1,0, , ,0,1, , , , , , , , , , , , , ,1,0,0,1, , , , , ,13, , ,0,1,0.0443, , ,6786.0000, , ,0,1,1,0,1,0, , , ,1,0,0,0,1,0,0,1,0,0,1,1,0,0,1,0,1, , , , , , , , , , , , , , , , , , , , ,0,1,1,0,0,0,0,0,0, , , , , , , ,
30,1,2,1,5,1,5,2,1,252300.0000,5,3,1,3,3,3,0.0279,0.0275,0.0269,0.8000,0.8000,0.8000,0.2000,0.2000,0.2000,0,1,0.1000,0.1000,0.1000, ,0.0100,0.0100,0.0100,0,1,0,1,1,0, , , ,0,0,0,0,1,0,0,0,0,0, , , , , , , , , , , , ,1,0,0,1,0,1, , ,0,1, , , , , , , , , , , , , ,1,0,0,1, , , , , ,1,10,8,0,1,0.0317, , ,8000.0000,8000.0000,8000.0000,0,1,1,0,0,1,125.0000,125.0000,125.0000,1,0,0,0,1,0,0,1,0,0,1,1,1,0,1,1,0, , , , , , , , , , , , , , , , , , , , , , , , , , , , , ,0,1,0,1,0,0,0,
31,1,2,1,3,4,10,2,1,89999.0000,5,3, ,3,3, ,0.0299,0.0335, ,0.8000,0.8000, ,0.2000,0.2000, ,1,0,0.0000,0.0000, , ,0.0100,0.0100,0.0100,0,1,0,1,1,0, , , ,0,0,0,0,1,0,0,0,0,0, , , , , , , , , , , , ,1,0,0,1,0,1, , ,0,1, , , , , , , , , , , , , ,0,1,0,1, , , , , ,10, , ,0,1,0.0294, , ,2646.0000, , ,0,1,1,0,0,1,500.0000, , ,1,0,0,0,1,0,0,1,0,0,1,1,0,0,1,0,1, , , , , , , , , , , , , , , , , , , , ,0,1,0,0,1,0,0,0,0, , , , , , , ,
32,1,2,1,2,5,8,2,1,88200.0000,5,1,3,3,3,3,0.0299,0.0255,0.0335,0.8000,0.8000,0.8000,0.2000,0.2000,0.2000,0,1,0.1000,0.1000,0.1000, ,0.0100,0.0100,0.0100,0,1,0,1,1,0, , , ,0,0,0,0,0,0,0,1,0,0, , , , , , , , , , , , ,1,0,0,1,0,1, , ,0,1, , , , , , , , , , , , , ,0,1,0,1, , , , , ,15, , ,0,1,0.0306, , ,2700.0000, , ,0,1,1,0,0,1,700.0000, , ,1,0,0,0,1,0,0,1,0,0,1,1,0,0,1,0,1, , , , , , , , , , , ,0,1,0,1,0,0,0,0,0, , , , , , , , , , , , , , , , ,
33,1,2,1,5,6,1,2,1,269000.0000,5,3,1,3,3,3,0.0299,0.0299,0.0299,0.8000,0.8000,0.8000,0.2000,0.2000,0.2000,0,1, , , , ,0.0100,0.0100,0.0100,0,1,0,1,1,0, , , ,0,0,0,0,1,0,0,0,0,0,0,0,1,0, ,53800.0000,1,0,1,0,1,0,1,0,0,1,1,0, , ,0,1, , , , , , , , , , , , , ,1,0,0,1, , , , , ,13, , ,0,1,0.0219, , ,5900.0000, , ,0,1,1,0,1,0,500.0000, , ,1,0,0,0,1,0,0,1,0,0,1,1,0,0,1,0,1, , , , , , , , , , , , , , , , , , , , , , , , , , , , , ,0,1,1,0,0,0,0,
34,1,2,2,3,1,6,3,1,108000.0000,3,2,1,3,3,3,0.0275,0.0299,0.0299,0.8000,0.8000,0.8000,0.2000,0.2000,0.2000,0,1, , , , ,0.0100,0.0100,0.0100,0,1,0,1,1,0, , , ,0,0,0,0,1,0,0,0,0,0, , , , , , , , , , , , ,0,1,1,0,1,0, , ,0,1, , , , , , , , , , , , , ,1,0,0,1, , , , , ,10,1,9,1,0,0.0296, , ,3200.0000, , ,0,1,1,0,1,0,750.0000, , ,1,0,0,0,1,0,0,1,0,0,1,1,1,0,1,1,0, , , , , , , , , , , , , , , , , , , , ,0,1,0,1,0,0,0,0,0, , , , , , , ,
35,1,2,2,2,2,2,3,1,86900.0000,5,1,4,1,1,1, , , ,0.8000,0.8000,0.8000,0.2000,0.2000,0.2000,1,0,0.0000,0.0000,0.0000, ,0.0100,0.0100,0.0100,1,0,0,1,0,1, , , ,0,0,0,0,0,1,1,0,0,0,0,1,0,0,1868.0000,3736.0000,1,0,1,0,1,0,0,1,0,1,0,1, , ,0,1, , , , , , , , , , , , , ,0,1,0,1, , , , , , , , , , , , , , , , , , , , , , , , , ,1,0,0,1,0,0,0, , , , , , , , , , , , , , , , , , , , , ,0,1,1,0,0,0,0,0,0, , , , , , , , , , , , , , , , ,
36,1,2,2,1,3,3,2,1,135900.0000,5,1,4,3,3,3,0.0299,0.0315,0.0349,0.8000,0.8000,0.8000,0.2000,0.2000,0.2000,0,1,0.1000,0.1000,0.1000, ,0.0100,0.0100,0.0100,0,1,1,0,0,1, , , ,1,0,0,0,0,0,0,0,0,0, , , , , , , , , , , , ,1,0,0,1,1,0, , ,0,1, , , , , , , , , , , , , ,1,0,0,1, , , , , ,13, , ,0,1,0.0357, , ,4861.0000, , ,0,1,1,0,1,0, , , ,1,0,0,0,1,0,0,1,0,0,1,1,0,0,1,0,1, , ,0,1,1,0,0,0,0,0,0, , , , , , , , , , , , , , , , , , , , , , , , , ,
37,1,2,2,1,4,7,2,2,112999.0000,5,1,4,3,3,3,0.0349,0.0350,0.0349,0.8000,0.8000,0.8000,0.2000,0.2000,0.2000,1,0,0.0000,0.0000,0.0000, ,0.0100,0.0100,0.0100,0,1,1,0,0,1, , , ,0,0,0,0,0,1,1,0,0,0, , , , , , , , , , , , ,1,0,0,1,0,1, , ,0,1, , , , , , , , , , , , , ,1,0,0,1, , , , , ,15, , ,1,0,0.0300, , ,4410.0000, , ,0,1,1,0,1,0, , , ,0,1, , , , , ,1,0,0,1,1,0,0,1,1,0, , ,0,1,0,1,0,0,0,0,0, , , , , , , , , , , , , , , , , , , , , , , , , ,
38,1,2,2,2,6,11,1,2,76900.0000,5,1,3,3,3,3,0.0299,0.0315,0.0335,0.8000,0.8000,0.8000,0.2000,0.2000,0.2000,0,1, , , , ,0.0100,0.0100,0.0100,0,1,0,1,1,0, , , ,0,0,0,0,1,0,0,0,0,0,0,0,1,0,1141.0000,14430.0000,1,0,1,0,1,0,1,0,0,1,1,0, , ,0,1, , , , , , , , , , , , , ,1,0,0,1, , , , , ,13, , ,0,1,0.0511, , ,3936.0000, , ,0,1,1,0,1,0,580.0000, , ,1,0,0,0,1,0,0,1,0,0,1,1,0,0,1,1,0, , , , , , , , , , , ,0,1,0,0,1,0,0,0,0, , , , , , , , , , , , , , , , ,
39,1,2,2,1,6,9,2,1,138900.0000,5, , ,3, , ,0.0299, , ,0.8000, , ,0.2000, , ,0,1, , , , ,0.0100, , ,0,1,1,0,0,1, , , ,0,0,1,0,0,0,0,0,0,0, , , , , , , , , , , , ,1,0,0,1,1,0, , ,0,1, , , , , , , , , , , , , ,1,0,0,1, , , , , ,13, , ,0,1,0.0446, , ,6200.0000, , ,0,1,1,0,1,0, , , ,1,0,0,0,1,0,0,1,0,0,1,1,0,0,1,0,1, , ,0,1,0,0,1,0,0,0,0, , , , , , , , , , , , , , , , , , , , , , , , , ,
40,1,2,2,3,6,4,2,1,156900.0000,5,1,3,3,3,3,0.0299,0.0315,0.0335,0.8000,0.8000,0.8000,0.2000,0.2000,0.2000,0,1, , , , ,0.0100,0.0100,0.0100,0,1,0,1,1,0, , , ,0,0,0,0,1,0,0,0,0,0,0,0,1,0,1888.0000,29920.0000,1,0,1,0,1,0,1,0,0,1,1,0, , ,0,1, , , , , , , , , , , , , ,1,0,0,1, , , , , ,13, , ,1,0,0.0350, , ,5502.0000, , ,0,1,1,0,1,0,580.0000, , ,1,0,0,0,1,0,0,1,0,0,1,1,0,0,1,0,1, , , , , , , , , , , , , , , , , , , , ,0,1,1,0,0,0,0,0,0, , , , , , , ,
41,1,2,2,5,1,5,2,1,238208.0000,5,3,4,3,3,3,0.0275,0.0300,0.0300,0.8000,0.8000,0.8000,0.2000,0.2000,0.2000,0,1,0.1000,0.1000,0.1000, ,0.0100,0.0100,0.0100,0,1,0,1,1,0,4.0000, , ,0,0,0,0,0,1,1,0,0,0, , , , , , , , , , , , ,1,0,0,1,1,0, , ,0,1, , , , , , , , , , , , , ,1,0,0,1, , , , , ,10,16,6,0,1,0.0251, , ,6000.0000,6000.0000,6000.0000,0,1,1,0,1,0, , , ,1,0,0,0,1,0,0,1,0,0,1,1,1,0,1,1,0, , , , , , , , , , , , , , , , , , , , , , , , , , , , , ,0,1,0,1,0,0,0,
42,1,2,2,3,4,10,3,1,95999.0000,5,4, ,3,3, ,0.0299,0.0299, ,0.8000,0.8000, ,0.2000,0.2000, ,0,1,0.1000,0.1000, , ,0.0100,0.0100, ,0,1,0,1,1,0, , , ,0,0,0,0,1,0,0,0,0,0, , , , , , , , , , , , ,0,1,0,1,0,1, , ,0,1, , , , , , , , , , , , , ,0,1,0,1, , , , , ,10, , ,1,0,0.0280, , ,3306.0000, , ,0,1,1,0,1,0,350.0000, , ,1,0,0,0,1,0,0,1,0,0,1,1,0,0,1,0,1, , , , , , , , , , , , , , , , , , , , ,0,1,0,0,1,0,0,0,0, , , , , , , ,
43,1,2,2,2,5,8,2,1,88200.0000,1,5,3,3,3,3,0.0255,0.0299,0.0350,0.9000,0.9000,0.9000,0.1000,0.1000,0.1000,0,1,0.1000,0.1000,0.1000, ,0.0100,0.0100,0.0100,0,1,0,1,1,0, , , ,0,0,0,0,1,0,0,0,0,0, , , , , , , , , , , , ,1,0,0,1,0,1, , ,0,1, , , , , , , , , , , , , ,0,1,0,1, , , , , ,10, , ,1,0,0.0000, , ,2200.0000, , ,0,1,1,0,1,0,350.0000, , ,1,0,0,0,1,0,0,1,0,0,1,1,0,0,1,0,1, , , , , , , , , , , ,0,1,0,1,0,0,0,0,0, , , , , , , , , , , , , , , , ,
44,1,2,2,5,6,1,2,1,269000.0000,5, , ,3, , ,0.0300, , ,0.8000, , ,0.2000, , ,0,1, , , , ,0.0100, , ,0,1,0,1,1,0, , , ,0,0,0,0,0,1,1,0,0,0, , , , , , , , , , , , ,1,0,0,1,1,0, , ,0,1, , , , , , , , , , , , , ,1,0,0,1, , , , , ,13, , ,0,1,0.0223, , ,6000.0000, , ,0,1,1,0,1,0, , , ,1,0,0,0,1,0,0,1,0,0,1,1,0,0,1,0,1, , , , , , , , , , , , , , , , , , , , , , , , , , , , , ,0,1,1,0,0,0,0,
45,1,3,1,1,6,9,2,1,138900.0000,5,4,3,3,3,3,0.0299,0.0339,0.0335,0.8000,0.8000,0.8000,0.2000,0.2000,0.2000,0,1, , , , ,0.0100,0.0100,0.0100,0,1,0,1,1,0, , , ,0,0,0,0,1,0,0,0,0,0, , , , , , , , , , , , ,1,0,0,1,1,0,0,1,0,1, , ,3844.0000, ,1,0,0, , , , , , ,1,0,0,1,1,6.0000,0,1,0,13, , ,1,1,0.0277, , ,3857.0000, , ,0,1,1,0,1,0, , , ,1,0, , , , , ,1,0,0,1,0,1,0,1,0,1,1,0,0,1,0,0,1,0,0,0,0, , , , , , , , , , , , , , , , , , , , , , , , , ,
46,1,3,1,5,1,5,2,1,238208.0000,5,3, ,3,3, ,0.0275,0.0323, ,0.8000,0.8000, ,0.2000,0.2000, ,0,1, , , , ,0.0100,0.0100, ,1,0,0,1,0,1, , , ,0,0,0,0,0,0,0,0,0,1, , , , , , , , , , , , ,1,0,0,1,0,1,1,0,0,1, , , ,2100.0000, , , , , , ,1,0,0,1,0,0,1,1,6.0000,0,1,0,10,16, ,0,1,0.0250,0.0250, ,6000.0000,6000.0000, ,0,1,1,0,1,0, , , ,1,0,0,0,1,0,0,1,0,0,1,0,1,0,1,0,1,1,0, , , , , , , , , , , , , , , , , , , , , , , , , , , ,0,1,0,1,0,0,0,
47,1,3,1,3,1,6,3,1,107631.0000,5,3, ,3,3, ,0.0275,0.0325, ,0.8000,0.8000, ,0.2000,0.2000, ,0,1, , , , ,0.0100,0.0100, ,1,0,0,1,0,1, , , ,0,0,0,0,0,0,0,0,0,1, , , , , , , , , , , , ,1,0,0,1,0,1,1,0,0,1, , , ,2100.0000, , , , , , ,1,0,0,1,0,0,1,1,6.0000,0,1,0,10,16,9,1,1,0.0280,0.0280,0.0280,3000.0000,3000.0000,3000.0000,0,1,1,0,1,0, , , ,1,0,0,0,1,0,0,1,0,0,1,0,1,0,1,1,0,1,0, , , , , , , , , , , , , , , , , , ,0,1,0,1,0,0,0,0,0, , , , , , , ,
48,1,3,1,1,3,3,2,1,135900.0000,1,5,4,3,3,3,0.0295,0.0299,0.0299,0.8000,0.8000,0.8000,0.2000,0.2000,0.2000,1,0,0.0000,0.0000,0.0000,25.0000,0.0100,0.0100,0.0100,0,1,1,0,0,1, , , ,0,0,0,0,1,0,0,0,0,0, , , , , , , , , , , , ,1,0,0,1,1,0,0,1,0,1, , ,2380.0000, ,0,1,0, , , , , , ,1,0,0,1,1,6.0000,0,1,0,13, , ,1,0,0.0299, , ,5715.0000, , ,0,1,1,0,1,0,219.0000, , ,0,1, , , , , ,1,0,0,1,0,1,0,1,0,1,1,0,0,1,1,0,0,0,0,0,0, , , , , , , , , , , , , , , , , , , , , , , , , ,
49,1,3,1,1,4,7,2,1,114999.0000,1,5,3,3,3,3,0.0275,0.0290,0.0320,0.8000,0.8000,0.8000,0.2000,0.2000,0.2000,1,0,0.0000,0.0000,0.0000,25.0000,0.0100,0.0100,0.0100,0,1,0,1,1,0, , , ,1,0,0,0,0,0,0,0,0,0, , , , , , , , , , , , ,1,0,0,1,0,1,0,1,0,1, , , , , , , , , , , , , ,1,0,0,1,1,9.0000,0,0,1,15, , ,0,1,0.0200, , ,4483.0000, , ,0,1,1,0,1,0, , , ,1,0,0,0,1,0,0,1,0,0,1,0,1,0,1,0,1,1,0,0,1,0,1,0,0,0,0,0, , , , , , , , , , , , , , , , , , , , , , , , , ,
50,1,3,1,3,4,10,3,1,121999.0000,1,3,5,3,3,3,0.0275,0.0320,0.0290,0.8000,0.8000,0.8000,0.2000,0.2000,0.2000,1,0,0.0000,0.0000,0.0000,25.0000,0.0100,0.0100,0.0100,0,1,0,1,1,0, , , ,1,0,0,0,0,0,0,0,0,0, , , , , , , , , , , , ,1,0,0,1,0,1,0,1,0,1, , , , , , , , , , , , , ,1,0,0,1,1,9.0000,0,0,1,15, , ,0,1,0.0300, , ,3660.0000, , ,0,1,1,0,1,0,400.0000, , ,1,0,0,0,1,0,0,1,0,0,1,0,1,0,1,0,1,1,0, , , , , , , , , , , , , , , , , , ,0,1,0,0,1,0,0,0,0, , , , , , , ,
51,1,3,1,2,5,8,2,1,75000.0000,1,5,4,3,3,3,0.0255,0.0299,0.0320,0.8000,0.8000,0.8000,0.2000,0.2000,0.2000,1,0,0.0000,0.0000,0.0000,25.0000,0.0100,0.0100,0.0100,0,1,0,1,1,0, , , ,0,1,0,0,0,0,0,0,0,0, , , , , , , , , , , , ,1,0,0,1,0,1,0,1,0,1, , , , , , , , , , , , , ,0,1,0,1, , , , , ,15, , ,0,1, , , , , , ,0,1,0,1,1,0, , , ,1,0,1,0,0,0,0,1,0,0,1,1,0,0,1,0,1,1,0, , , , , , , , , ,0,1,0,1,0,0,0,0,0, , , , , , , , , , , , , , , , ,
52,1,3,1,5,6,1,2,1,272900.0000, , , , , , , , , ,0.8000, , ,0.2000, , ,0,1, , , , ,0.0100, , ,0,1,0,1,1,0, , , ,0,0,0,1,0,0,0,0,0,0, , , , , , , , , , , , ,1,0,0,1,1,0,0,1,0,1, , ,5000.0000, ,0,1,0, , , , , , ,1,0,0,1,1,6.0000,0,1,0,13, , ,0,1,0.0370, , ,9985.0000, , ,0,1,1,0,1,0, , , ,1,0,0,0,1,0,0,1,0,0,1,0,1,0,1,0,1,0,1, , , , , , , , , , , , , , , , , , , , , , , , , , , ,0,1,1,0,0,0,0,
53,1,3,1,2,6,11,1,2,76900.0000,5,1,3,3,3,3,0.0299,0.0315,0.0335,0.8000,0.8000,0.8000,0.2000,0.2000,0.2000,0,1, , , , ,0.0100,0.0100,0.0100,0,1,0,1,1,0, , , ,0,0,0,0,1,0,0,0,0,0,0,0,1,0,1141.0000,14530.0000,1,0,1,0,1,0,1,0,0,1,1,0,0,1,0,1, , ,2096.0000, ,0,0,1, , , , , , ,1,0,0,1,1,6.0000,0,1,0,13, , ,0,1,0.0521, , ,4012.0000, , ,0,1,1,0,1,0, , , ,1,0,0,0,1,0,0,1,0,0,1,0,1,0,1,0,1,0,1, , , , , , , , , ,0,1,0,0,1,0,0,0,0, , , , , , , , , , , , , , , , ,
54,1,3,1,3,6,4,2,1,155900.0000,5, , ,3, , ,0.0299, , ,0.8000, , ,0.2000, , ,0,1, , , , ,0.0100, , ,0,1,0,1,1,0, , , ,0,0,0,0,1,0,0,0,0,0, , , , , , , , , , , , ,1,0,0,1,1,0,0,1,0,1, , ,4677.0000, ,0,1,0, , , , , , ,1,0,0,1,1,6.0000,0,1,0,13, , ,0,1,0.0307, , ,6271.0000, , ,0,1,1,0,1,0, , , ,1,0,0,0,1,0,0,1,0,0,1,0,1,0,1,0,1,0,1, , , , , , , , , , , , , , , , , , ,0,1,1,0,0,0,0,0,0, , , , , , , ,
55,1,3,1,2,2,2,3,1,86900.0000,1,5,4,3,3,3,0.0426,0.0426,0.0426,0.8000,0.8000,0.8000,0.2000,0.2000,0.2000,1,0,0.0000,0.0000,0.0000,25.0000,0.0100,0.0100,0.0100,0,1,0,1,1,0, , , ,0,0,0,0,0,0,0,0,1,0, , , , , , , , , , , , ,0,1,0,1,0,1,0,1,0,1, , , , , , , , , , , , , ,0,1,0,1, , , , , ,3, , ,1,0,0.0460, , ,4000.0000, , , , , , , , , , , ,1,0,0,1,0,0,0,0,1,0,1,0,1,0,1,0,1,1,0, , , , , , , , , ,0,1,1,0,0,0,0,0,0, , , , , , , , , , , , , , , , ,
56,1,3,2,5,1,5,2,1,238200.0000,5, , ,3, , ,0.0250, , ,0.8000, , ,0.2000, , ,1,0,0.0000, , ,20.0000,0.0100, , ,1,0,0,1,0,1, , , ,0,0,0,0,1,0,0,0,0,0, , , , , , , , , , , , ,1,0,0,1,0,1,1,0,0,1, , , ,2215.0000, , , , , , ,1,0,0,1,0,0,1,1,6.0000,0,1,0,10, , ,0,1,0.0300, , ,5786.0000, , ,0,1,1,0,1,0, , , ,1,0,0,0,1,0,0,1,0,0,1,0,1,0,1,0,1,1,0, , , , , , , , , , , , , , , , , , , , , , , , , , , ,0,1,0,1,0,0,0,
57,1,3,2,1,3,3,2,1,135900.0000,5,3, ,3,3, ,0.0299,0.0299, ,0.8000,0.8000, ,0.2000,0.2000, ,1,0,0.0000,0.0000, ,20.0000,0.0100,0.0100, ,0,1,1,0,0,1, , , ,0,0,0,0,1,0,0,0,0,0,1,0,0,0,2999.0000,6000.0000,1,0,1,0,1,0,1,0,0,1,1,0,1,0,0,1, , ,2840.0000,2200.0000,0,1,0, , , ,0,1,0,1,0,0,1,1,10.0000,0,1,0,13, , ,0,1,0.0399, , ,5143.0000, , ,0,1,1,0,1,0, , , ,1,0,0,0,1,0,0,1,0,0,1,0,1,0,1,0,1,1,0,0,1,1,0,0,0,0,0,0, , , , , , , , , , , , , , , , , , , , , , , , , ,
58,1,3,2,1,4,7,2,2,114999.0000,3,5, ,3,3, ,0.0290,0.0320, ,0.8000,0.8000, ,0.2000,0.2000, ,1,0,0.0000,0.0000, ,25.0000,0.0100,0.0100, ,0,1,0,1,1,0, , , ,0,0,0,0,1,0,0,0,0,0, , , , , , , , , , , , ,1,0,0,1,0,1,0,1,0,1, , , , , , , , , , , , , ,1,0,0,1,1,9.0000,0,0,1,15, , ,0,1,0.0290, , ,3380.0000, , ,0,1,1,0,1,0, , , ,1,0,0,0,1,0,0,1,0,0,1,0,1,0,1,0,1,1,0,0,1,0,1,0,0,0,0,0, , , , , , , , , , , , , , , , , , , , , , , , , ,
59,1,3,2,1,6,9,2,1,138900.0000,3,4, ,3,3, ,0.0300,0.0300, ,0.8000,0.8000, ,0.2000,0.2000, ,0,1, , , , ,0.0100,0.0100, ,0,1,0,1,1,0, , , ,0,0,0,0,1,0,0,0,0,0, , , , , , , , , , , , ,1,0,0,1,1,0,1,0,0,1, , ,5542.0000, ,1,0,0, , , , , , ,1,0,0,1,1,10.0000,0,1,0,13, , ,0,1,0.0380, , ,5238.0000, , ,0,1,1,0,1,0, , , ,1,0,0,0,1,0,0,1,0,0,1,0,1,0,1,0,1,1,0,0,1,0,0,1,0,0,0,0, , , , , , , , , , , , , , , , , , , , , , , , , ,
60,1,3,2,3,6,4,2,1,152900.0000,3, , ,3, , ,0.0300, , ,0.8000, , ,0.2000, , ,0,1, , , , ,0.0100, , ,0,1,0,1,1,0, , , ,0,0,0,0,1,0,0,0,0,0, , , , , , , , , , , , ,0,1,0,1,1,0,1,0,0,1, , ,5795.0000, ,0,1,0, , , , , , ,1,0,0,1,1,6.0000,0,1,0,13, , ,0,1,0.0300, , ,5786.0000, , ,0,1,1,0,1,0, , , ,1,0,0,0,1,0,0,1,0,0,1,0,1,0,1,0,1,0,1, , , , , , , , , , , , , , , , , , ,0,1,1,0,0,0,0,0,0, , , , , , , ,
61,1,3,2,3,1,6,3,1,107631.0000,3,5, ,3,3, ,0.0275,0.0299, ,0.8000,0.8000, ,0.2000,0.2000, ,0,1,0.1000,0.1000, , ,0.0100,0.0100, ,1,0,0,1,0,1, , , ,0,0,0,0,1,0,0,0,0,0, , , , , , , , , , , , ,0,1,0,1,0,1,0,1,0,1, , , , , , , , , , , , , ,0,1,0,1, , , , , ,9,10, ,0,1,0.0250,0.0250, ,3900.0000,3900.0000, ,0,1,1,0,1,0, , , ,1,0,0,0,1,0,0,1,0,0,1,0,1,0,1,1,0,1,0, , , , , , , , , , , , , , , , , , ,0,1,0,1,0,0,0,0,0, , , , , , , ,
62,1,3,2,2,2,2,3,1,88400.0000,4,5,3,3,3,3,0.0103,0.0389,0.0398,0.8000,0.8000,0.8000,0.2000,0.2000,0.2000,1,0,0.0000,0.0000,0.0000, ,0.0100,0.0100,0.0100,0,1,0,1,1,0, , , ,0,0,0,0,1,0,0,0,0,0,0,1,0,0,1868.0000,3736.0000,1,0,1,0,1,0,0,1,0,1,0,1,0,1,0,1, , , , , , , , , , , , , ,0,1,0,1, , , , , ,16,2, ,0,1,0.0650,0.0420, ,5500.0000,3800.0000, ,0,1,1,1,1,0, , , ,1,1,0,1,0,0,0,1,0,0,1,1,0,0,1,0,1,1,0, , , , , , , , , ,0,1,1,0,0,0,0,0,0, , , , , , , , , , , , , , , , ,
63,1,3,2,3,4,10,3,2,121999.0000,5, , ,3, , ,0.0299, , ,0.8000, , ,0.2000, , ,1,0,0.0000, , ,25.0000,0.0100, , ,0,1,0,1,1,0, , , ,0,1,0,0,0,0,0,0,0,0, , , , , , , , , , , , ,1,0,0,1,0,1,0,1,0,1, , , , , , , , , , , , , ,1,0,0,1,1,9.0000,0,0,1,15, , ,0,1,0.0300, , ,3500.0000, , ,0,1,1,0,1,0, , , ,1,0,0,0,1,0,0,1,0,0,1,0,1,0,1,0,1,1,0, , , , , , , , , , , , , , , , , , ,0,1,0,0,1,0,0,0,0, , , , , , , ,
64,1,3,2,2,5,8,3,1,88200.0000,5,1, ,3,3, ,0.0299,0.0255, ,0.8000,0.8000, ,0.2000,0.2000, ,1,0,0.0000,0.0000, ,25.0000,0.0100,0.0100, ,0,1,0,1,1,0, , , ,0,1,0,0,0,0,0,0,0,0, , , , , , , , , , , , ,1,0,0,1,0,1,0,1,0,1, , , , , , , , , , , , , ,0,1,0,1, , , , , ,15, , ,0,1,0.0300, , ,2650.0000, , ,0,1,0,1,1,0, , , ,1,0,0,0,1,0,0,1,0,0,1,1,0,0,1,0,1,1,0, , , , , , , , , ,0,1,0,1,0,0,0,0,0, , , , , , , , , , , , , , , , ,
65,1,3,2,5,6,1,2,1,269000.0000,5,1,3,3,3,3,0.0349,0.0319,0.0375,0.8000,0.8000,0.8000,0.2000,0.2000,0.2000,0,1, , , , ,0.0100,0.0100,0.0100,0,1,0,1,1,0, , , ,0,1,0,0,0,0,0,0,0,0,1,0,0,0,4083.0000,58369.0000,1,0,1,0,1,0,1,0,0,1,1,0,0,1,0,1, , ,5371.0000, ,0,0,1, , , , , , ,1,0,0,1,1,6.0000,0,1,0,13, , ,0,1,0.0250, , ,7094.0000, , ,0,1,1,0,1,0, , , ,1,0,0,0,1,0,0,1,0,0,1,0,1,0,1,0,1,0,1, , , , , , , , , , , , , , , , , , , , , , , , , , , ,0,1,1,0,0,0,0,
66,1,3,2,2,6,11,1,2,76900.0000,5,1,3,3,3,3,0.0299,0.0319,0.0375,0.8000,0.8000,0.8000,0.2000,0.2000,0.2000,0,1, , , , ,0.0100,0.0100,0.0100,0,1,0,1,1,0, , , ,0,1,0,0,0,0,0,0,0,0,1,0,0,0,1141.0000,14530.0000,1,0,1,0,1,0,1,0,0,1,1,0,0,1,0,1, , ,2069.0000, ,0,0,1, , , , , , ,1,0,0,1,1,6.0000,0,1,0,13, , ,0,1,0.0600, , ,4725.0000, , ,0,1,1,0,1,0, , , ,1,0,0,0,1,0,0,1,0,0,1,0,1,0,1,0,1,0,1, , , , , , , , , ,0,1,0,0,1,0,0,0,0, , , , , , , , , , , , , , , , ,
67,1,4,1,1,6,9,2,1,138900.0000,5,3,6,3,3,3,0.0389,0.0450,0.0390,0.8000,0.8000,0.8000,0.2000,0.2000,0.2000,0,1, , , , ,0.0100,0.0100,0.0100,0,1,0,1,1,0, , , ,0,0,0,0,1,0,0,0,0,0, , , , , , , , , , , , ,1,0,0,1,1,0,0,1,0,1, , , , , , , , , , , , , ,1,0,0,1,1,6.0000,0,1,0,13, , ,1,1,0.0350,0.0350, ,4861.0000,4861.0000, ,0,1,1,0,1,0, , , ,1,0,0,0,1,0,0,1,0,0,1,0,1,0,1,1,1,1,0,0,1,0,0,1,0,0,0,0, , , , , , , , , , , , , , , , , , , , , , , , , ,
68,1,4,1,5,1,5,2,1,250000.0000,5,3,2,3,3,3,0.0279,0.0245,0.0280,0.8000,0.8000,0.8000,0.2000,0.2000,0.2000,0,1,0.0500,0.0500,0.0500,20.0000,0.0100,0.0100,0.0100,0,1,0,1,1,0, , , ,0,0,0,0,0,0,0,1,0,0, , , , , , , , , , , , ,1,0,0,1,1,0,0,1,0,1, , , , ,0,1,0, , , , , , ,1,0,0,1,1,6.0000,0,1,0,10, , ,0,1,0.0399, , ,9975.0000, , ,0,1,1,0,1,0, , , ,1,0,0,0,1,0,0,1,0,0,1,0,1,0,1,0,1,1,0, , , , , , , , , , , , , , , , , , , , , , , , , , , ,0,1,0,1,0,0,0,
69,1,4,1,3,1,6,3,1,113000.0000,5,3,2,3,3,3,0.0280,0.0245,0.0280,0.8000,0.8000,0.8000,0.2000,0.2000,0.2000,0,1,0.0500,0.0500,0.0500,20.0000,0.0100,0.0100,0.0100,0,1,0,1,1,0, , , ,0,0,0,0,0,0,0,1,0,0, , , , , , , , , , , , ,1,0,0,1,1,0,0,1,0,1, , , , ,0,1,0, , , , , , ,0,1,0,1, , , , , ,10, , ,0,1,0.0390, , ,4407.0000, , ,0,1,1,0,1,0, , , ,1,0,0,0,1,0,0,1,0,0,1,0,1,0,1,1,0,1,0, , , , , , , , , , , , , , , , , , ,0,1,0,1,0,0,0,0,0, , , , , , , ,
70,1,4,1,1,3,3,2,1,124900.0000,3,4, ,3,3, ,0.0299,0.0299, ,0.8000,0.8000, ,0.2000,0.2000, ,1,0,0.0000,0.0000, ,25.0000,0.0100,0.0100,0.0100,0,1,1,0,0,1, , , ,0,0,0,1,0,0,0,0,0,0, , , , , , , , , , , , ,1,0,0,1,1,0,0,1,0,1, , ,2714.0000, ,0,1,0, , , , , , ,1,0,0,1,1,6.0000,0,1,0,13, , ,1,1,0.0399,0.0399, ,4984.0000,4984.0000, ,0,1,1,0,1,0, , , ,1,0,0,0,1,0,0,1,0,0,1,0,1,0,1,0,1,1,0,0,1,1,0,0,0,0,0,0, , , , , , , , , , , , , , , , , , , , , , , , , ,
71,1,4,1,1,4,7,2,1,114999.0000,5,3,1,3,3,3,0.0349,0.0375,0.0299,0.8000,0.8000,0.8000,0.2000,0.2000,0.2000,1,0,0.0000,0.0000,0.0000,20.0000,0.0100,0.0100,0.0100,0,1,0,1,1,0, , , ,0,1,0,0,0,0,0,0,0,0, , , , , , , , , , , , ,1,0,0,1,0,1,0,1,0,1, , , , , , , , , , , , , ,1,0,0,1,1,9.0000,0,0,1,15, , ,0,1,0.0280, , ,3220.0000, , ,0,1,1,0,1,0, , , ,1,0,0,0,1,0,0,1,0,0,1,0,1,0,1,0,1,1,0,0,1,0,1,0,0,0,0,0, , , , , , , , , , , , , , , , , , , , , , , , , ,
72,1,4,1,3,4,10,3,1,121999.0000,1,5, ,3,3, ,0.0299,0.0299, ,0.8000,0.8000, ,0.2000,0.2000, ,1,0,0.0000,0.0000, ,25.0000,0.0100,0.0100, ,0,1,0,1,1,0, , , ,0,0,0,1,0,0,0,0,0,0, , , , , , , , , , , , ,1,0,0,1,0,1,0,1,0,1, , , , , , , , , , , , , ,1,0,0,1,1,9.0000,0,0,1,10, , ,0,1,0.0280,0.0280, ,3436.0000,3436.0000, ,0,1,1,0,1,0, , , ,1,0,0,0,1,0,0,1,0,0,1,0,1,0,1,0,1,1,0, , , , , , , , , , , , , , , , , , ,0,1,0,0,1,0,0,0,0, , , , , , , ,
73,1,4,1,2,5,8,3,1,88200.0000,1,5, ,3,3, ,0.0299,0.0299, ,0.8000,0.8000, ,0.2000,0.2000, ,1,0,0.0000,0.0000, ,25.0000,0.0100,0.0100, ,0,1,0,1,1,0, , , ,0,0,0,0,1,0,0,0,0,0, , , , , , , , , , , , ,1,0,0,1,0,1,0,1,0,1, , , , , , , , , , , , , ,0,1,0,1, , , , , ,10, , ,1,0,0.0000, , ,3087.0000, , ,0,1,0,1,1,0, , , ,1,0,0,0,1,0,0,1,0,0,1,1,0,0,1,0,1,1,0, , , , , , , , , ,0,1,0,1,0,0,0,0,0, , , , , , , , , , , , , , , , ,
74,1,4,1,5,6,1,2,1,269000.0000,5,1, ,3,3, ,0.0299,0.0299, ,0.8000,0.8000, ,0.2000,0.2000, ,0,1, , , , ,0.0100,0.0100,0.0100,0,1,0,1,1,0, , , ,0,0,0,1,0,0,0,0,0,0, , , , , , , , , , , , ,1,0,0,1,1,0,0,1,0,1, , ,4612.0000, ,0,1,0, , , , , , ,1,0,0,1,1,6.0000,0,1,0,13, , ,0,1,0.0215, , ,5899.0000, , ,0,1,1,0,1,0, , , ,1,0,0,0,1,0,0,1,0,0,1,0,1,0,1,0,1,0,1, , , , , , , , , , , , , , , , , , , , , , , , , , , ,0,1,1,0,0,0,0,
75,1,4,1,2,6,11,1,2,78000.0000,5,1, ,3,3, ,0.0299,0.0299, ,0.8000,0.8000, ,0.2000,0.2000, ,0,1, , , , ,0.0100,0.0100, ,0,1,0,1,1,0, , , ,0,1,0,0,0,0,0,0,0,0, , , , , , , , , , , , ,1,0,0,1,1,0,0,1,0,1, , ,1630.0000, ,0,1,0, , , , , , ,1,0,0,1,1,6.0000,0,1,0,13, , ,1,1,0.0500,0.0500, ,3941.0000,3941.0000, ,0,1,1,0,1,0, , , ,1,0,0,0,1,0,0,1,0,0,1,0,1,0,1,0,1,0,1, , , , , , , , , ,0,1,0,0,1,0,0,0,0, , , , , , , , , , , , , , , , ,
76,1,4,1,3,6,4,2,1,152900.0000,5,3,6,3,3,3,0.0389,0.0450,0.0390,0.8000,0.8000,0.8000,0.2000,0.2000,0.2000,0,1, , , , ,0.0100,0.0100,0.0100,0,1,0,1,1,0, , , ,0,0,0,0,1,0,0,0,0,0, , , , , , , , , , , , ,1,0,0,1,1,0,0,1,0,1, , ,5500.0000, ,0,1,0, , , , , , ,1,0,0,1,1,6.0000,0,1,0,13, , ,1,1,0.0320,0.0320, ,4893.0000,4893.0000, ,0,1,1,0,1,0, , , ,1,0,0,0,1,0,0,1,0,0,1,0,1,0,1,0,1,0,1, , , , , , , , , , , , , , , , , , ,0,1,1,0,0,0,0,0,0, , , , , , , ,
77,1,4,1,2,2,2,3,1,86900.0000,1,5, ,3,3,3,0.0126,0.0126, ,0.8000,0.8000, ,0.2000,0.2000, ,1,0,0.0000,0.0000, , ,0.0100,0.0100, ,0,1,0,1,1,0, , , ,0,0,0,0,1,0,0,0,0,0,0,1,0,0,2320.0000,0.0000,1,0,0,1,1,0,0,1,0,1,0,1,0,1,0,1, , , , , , , , , , , , , ,0,1,0,1, , , , , , , , , , , , , , , , , , , , , , , , , ,0,1, , , , , , , , , , , , , , , , , , , , , , , , , , ,0,1,1,0,0,0,0,0,0, , , , , , , , , , , , , , , , ,
78,1,4,1,1,7,12,2,1,123500.0000,3,4, ,3,3, ,0.0299,0.0299, ,0.8000,0.8000, ,0.2000,0.2000, ,0,1,0.0000,0.0000, ,20.0000,0.0100,0.0100, ,0,1,0,1,1,0, , , ,0,0,0,1,0,0,0,0,0,0,0,0,0,1,1570.0000,0.0000,1,0,1,0,0,1,1,0,1,0,0,1,0,1,0,1, , , , , , , , , , , , , ,1,0,0,1,1,6.0000,0,1,0,10, , ,0,1,0.0000, , ,3700.0000, , ,0,1,1,0,1,0, , , ,1,0,0,0,1,0,0,1,0,0,1,0,1,0,1,1,1,1,0,1,0,0,0,0,0,0,0,0, , , , , , , , , , , , , , , , , , , , , , , , , ,
79,1,4,1,2,7,13,2,1,76000.0000,3,4, ,3,3, ,0.0299,0.0299, ,0.8000,0.8000, ,0.2000,0.2000, ,0,1,0.0000,0.0000, ,20.0000,0.0100,0.0100, ,0,1,0,1,1,0, , , ,0,0,0,1,0,0,0,0,0,0, , , , , , , , , , , , ,1,0,1,0,0,1,0,1,0,1, , , , , , , , , , , , , ,1,0,0,1,1,6.0000,0,1,0,10, , ,0,1,0.0000, , ,2700.0000, , ,0,1,1,0,1,0, , , ,1,0,0,0,1,0,0,1,0,0,1,0,1,0,1,1,1,1,0, , , , , , , , , ,1,0,0,0,0,0,0,0,0, , , , , , , , , , , , , , , , ,
80,1,4,1,3,7,14,2,1,124000.0000,5,3, ,3,3, ,0.0299,0.0299, ,0.8000,0.8000, ,0.2000,0.2000, ,0,1, , , , ,0.0100,0.0100, ,0,1,0,1,1,0, , , ,0,0,0,0,0,1,1,0,0,0, , , , , , , , , , , , ,0,1,1,0,1,0,0,1,0,1, , ,3720.0000, ,1,0,0,1,0,0, , , ,1,0,0,1,1, ,0,1,0,18, , ,1,0,0.0375, , ,4092.0000, , ,0,1,1,0,1,0,1100.0000, , ,1,0,0,0,1,0,0,1,0,0,1,0,1,0,1,1,1,1,0, , , , , , , , , , , , , , , , , , ,1,0,0,0,0,0,0,0,0, , , , , , , ,
81,1,4,1,5,7,15,2,1,319500.0000,5,3, ,3,3, ,0.0299,0.0299, ,0.8000,0.8000, ,0.2000,0.2000, ,0,1, , , , ,0.0100,0.0100, ,0,1,0,1,1,0, , , ,0,0,0,0,0,1,1,0,0,0, , , , , , , , , , , , ,0,1,1,0,1,0,0,1,0,1, , ,5350.0000, ,1,0,0,1,0,0, , , ,1,0,0,1,1, ,0,1,0,18, , ,1,0,0.0180,0.0180, ,5350.0000,5350.0000, ,0,1,1,0,1,0,1500.0000, , ,1,0,0,0,1,0,0,1,0,0,1,0,1,0,1,1,1,1,0, , , , , , , , , , , , , , , , , , , , , , , , , , , ,1,0,0,0,0,0,0,
82,1,4,2,1,6,9,2,1,138900.0000,1,5,3,3,3,3,0.0349,0.0389,0.0450,0.8000,0.8000,0.8000,0.2000,0.2000,0.2000,0,1, , , , ,0.0100,0.0100,0.0100,0,1,0,1,1,0, , , ,0,0,0,0,1,0,0,0,0,0, , , , , , , , , , , , ,1,0,0,1,1,0,0,1,0,1, , ,5000.0000, ,1,0,0, , , , , , ,1,0,0,1,1,6.0000,0,1,0,13, , ,0,1,0.0430, , ,5987.0000, , ,0,1,1,0,1,0, , , ,1,0,0,0,1,0,0,1,0,0,1,0,1,0,1,0,1,1,0,0,1,0,0,1,0,0,0,0, , , , , , , , , , , , , , , , , , , , , , , , , ,
83,1,4,2,5,1,5,2,1,238200.0000,5, , ,3, , ,0.0279, , ,0.8000, , ,0.2000, , ,0,1, , , , ,0.0100, , ,1,0,0,1,0,1, , , ,0,0,0,0,1,0,0,0,0,0, , , , , , , , , , , , ,1,0,0,1,1,0,0,1,0,1, , ,5700.0000, ,0,1,0, , , , , , ,1,0,0,1,1,6.0000,0,1,0,10, , ,0,1,0.0000, , , , , ,0,1,1,0,1,0, , , ,1,0,0,0,1,0,0,1,0,0,1,0,1,0,1,0,1,1,0, , , , , , , , , , , , , , , , , , , , , , , , , , , ,0,1,0,1,0,0,0,
84,1,4,2,3,1,6,3,1,107630.0000,5, , ,3, , ,0.0280, , ,0.8000, , ,0.2000, , ,0,1,0.1500, , , ,0.0100, , ,0,1,0,1,1,0, , , ,0,0,0,0,0,0,0,1,0,0, , , , , , , , , , , , ,1,0,0,1,1,0,0,1,0,1, , ,2346.0000, ,0,1,0, , , , , , ,1,0,0,1,1, ,0,1,0,10, , ,0,1,0.0400, , ,4500.0000, , ,0,1,1,0,1,0, , , ,1,0,0,0,1,0,0,1,0,0,1,0,1,0,1,1,0,1,0, , , , , , , , , , , , , , , , , , ,0,1,0,1,0,0,0,0,0, , , , , , , ,
85,1,4,2,1,3,3,2,1,135900.0000,5, , ,3, , ,0.0299, , ,0.8000, , ,0.2000, , ,1,0,0.0000, , ,25.0000,0.0100, , ,0,1,1,0,0,1, , , ,0,0,0,0,0,0,0,1,0,0, , , , , , , , , , , , ,1,0,0,1,1,0,0,1,0,1, , ,2714.0000, ,0,1,0, , , , , , ,1,0,0,1,1,6.0000,0,1,0,13, , ,0,1,0.0400, , ,5200.0000, , ,0,1,1,0,1,0, , , ,1,0,0,0,1,0,0,1,0,0,1,0,1,0,1,0,1,1,0,0,1,1,0,0,0,0,0,0, , , , , , , , , , , , , , , , , , , , , , , , , ,
86,1,4,2,1,4,7,2,1,114999.0000,3,5,1,3,3,3,0.0389,0.0349,0.0349,0.8000,0.8000,0.8000,0.2000,0.2000,0.2000,1,0,0.0000,0.0000,0.0000,20.0000,0.0100,0.0100,0.0100,0,1,0,1,1,0, , , ,0,0,0,0,1,0,0,0,0,0, , , , , , , , , , , , ,1,0,0,1,0,1,0,1,0,1, , , , , , , , , , , , , ,1,0,0,1,1,9.0000,0,0,1,15, , ,0,1,0.0290, , ,3381.0000, , ,0,1,1,0,1,0, , , ,1,0,0,0,1,0,0,1,0,0,1,0,1,0,1,0,1,1,0,0,1,0,1,0,0,0,0,0, , , , , , , , , , , , , , , , , , , , , , , , , ,
87,1,4,2,3,4,10,3,1,121999.0000,3,5,1,3,3,3,0.0389,0.0349,0.0349,0.8000,0.8000,0.8000,0.2000,0.2000,0.2000,1,0,0.0000,0.0000,0.0000,25.0000,0.0100,0.0100,0.0100,0,1,0,1,1,0, , , ,0,0,0,1,0,0,0,0,0,0, , , , , , , , , , , , ,1,0,0,1,0,1,0,1,0,1, , , , , , , , , , , , , ,1,0,0,1,1,9.0000,0,0,1,10, , ,0,1,0.0290, , ,3587.0000, , ,0,1,1,0,1,0, , , ,1,0,0,0,1,0,0,1,0,0,1,0,1,0,1,0,1,1,0, , , , , , , , , , , , , , , , , , ,0,1,0,0,1,0,0,0,0, , , , , , , ,
88,1,4,2,2,5,8,3,1,90300.0000,3,4,5,3,3,3,0.0359,0.0325,0.0299,0.8000,0.8000,0.8000,0.2000,0.2000,0.2000,1,0,0.0000,0.0000,0.0000,25.0000,0.0100,0.0100,0.0100,0,1,0,1,1,0, , , ,0,0,0,0,0,0,0,1,0,0, , , , , , , , , , , , ,1,0,0,1,0,1,0,1,0,1, , , , , , , , , , , , , ,0,1,0,1, , , , , ,10, , ,1,0,0.0000, , , , , ,0,1,0,1,1,0, , , ,1,0,0,0,1,0,0,1,0,0,1,1,0,0,1,0,1,1,0, , , , , , , , , ,0,1,0,1,0,0,0,0,0, , , , , , , , , , , , , , , , ,
89,1,4,2,5,6,1,2,1,269000.0000,3,1, ,3,3, ,0.0299,0.0300, ,0.8000,0.8000, ,0.2000,0.2000, ,0,1, , , , ,0.0100,0.0100, ,0,1,0,1,1,0, , , ,0,0,0,0,1,0,0,0,0,0, , , , , , , , , , , , ,1,0,0,1,1,0,0,1,0,1, , , , ,0,1,0, , , , , , ,1,0,0,1,1,6.0000,0,1,0,13, , ,0,1,0.0360, , ,9985.0000, , ,0,1,1,0,1,0, , , ,1,0,0,0,1,0,0,1,0,0,1,0,1,0,1,0,1,0,1, , , , , , , , , , , , , , , , , , , , , , , , , , , ,0,1,1,0,0,0,0,
90,1,4,2,2,6,11,1,2,78000.0000,1,3,5,3,3,3,0.0299,0.0375,0.0299,0.8000,0.8000,0.8000,0.2000,0.2000,0.2000,0,1, , , , ,0.0100,0.0100,0.0100,0,1,0,1,1,0, , , ,0,0,0,0,0,0,0,1,0,0, , , , , , , , , , , , ,1,0,0,1,1,0,0,1,0,1, , ,1607.0000, ,0,1,0, , , , , , ,1,0,0,1,1,6.0000,0,1,0,13, , ,0,1,0.0600, , ,4605.0000, , ,0,1,1,0,1,0, , , ,1,0,0,0,1,0,0,1,0,0,1,0,1,0,1,0,1,0,1, , , , , , , , , ,0,1,0,0,1,0,0,0,0, , , , , , , , , , , , , , , , ,
91,1,4,2,3,6,4,2,1,155900.0000,3,5, ,3,3, ,0.0300,0.0389, ,0.8000,0.8000, ,0.2000,0.2000, ,0,1, , , , ,0.0100,0.0100, ,0,1,0,1,1,0, , , ,0,0,0,0,0,0,0,1,0,0, , , , , , , , , , , , ,1,0,0,1,1,0,0,1,0,1, , ,5700.0000, ,0,1,0, , , , , , ,1,0,0,1,1,6.0000,0,1,0,13, , ,0,1,0.0400, , ,6271.0000, , ,0,1,1,0,1,0, , , ,1,0,0,0,1,0,0,1,0,0,1,0,1,0,1,0,1,1,0, , , , , , , , , , , , , , , , , , ,0,1,1,0,0,0,0,0,0, , , , , , , ,
92,1,4,2,2,2,2,3,1,88400.0000,5, , ,3, , ,0.0103, , ,0.8000, , ,0.2000, , ,1,0,0.0000, , ,25.0000,0.0100, , ,0,1,0,1,1,0, , , ,0,0,0,0,1,0,0,0,0,0,0,1,0,0,1868.0000,3736.0000,1,0,1,0,1,0,0,1,0,1,0,1,0,1,0,1, , , , , , , , , , , , , ,0,1,0,1, , , , , ,16, , ,0,1,0.0520, , ,4500.0000, , ,0,1,1,0,1,0, , , ,1,0,0,1,0,0,0,1,0,0,1,0,1,0,1,0,1,1,0, , , , , , , , , ,0,1,1,0,0,0,0,0,0, , , , , , , , , , , , , , , , ,
93,1,4,2,1,7,12,2,1,123500.0000,5,3,4,3,3,3,0.0299,0.0299,0.0299,0.8000,0.8000,0.8000,0.2000,0.2000,0.2000,0,1,0.0000,0.0000,0.0000,20.0000,0.0100,0.0100,0.0100,0,1,0,1,1,0, , , ,0,0,0,1,0,0,0,0,0,0,0,0,0,1,1570.0000,0.0000,1,0,1,0,0,1,1,0,1,0,0,1,0,1,0,1, , , , , , , , , , , , , ,1,0,0,1,1,6.0000,0,1,0,10, , ,0,1,0.0330, , ,4067.0000, , ,0,1,1,0,1,0, , , ,1,0,0,0,1,0,0,1,0,0,1,0,1,0,1,1,1,1,0,1,0,0,0,0,0,0,0,0, , , , , , , , , , , , , , , , , , , , , , , , , ,
94,1,4,2,2,7,13,2,1,76000.0000,5,4,3,3,3,3,0.0299,0.0299,0.0299,0.8000,0.8000,0.8000,0.2000,0.2000,0.2000,0,1,0.0000,0.0000,0.0000,20.0000,0.0100,0.0100, ,0,1,0,1,1,0, , , ,0,0,0,1,0,0,0,0,0,0, , , , , , , , , , , , ,1,0,1,0,0,1,0,1,0,1, , , , , , , , , , , , , ,1,0,0,1, , , , , ,10, , ,0,1,0.0280, , ,2100.0000, , ,0,1,1,0,1,0, , , ,1,0,0,0,1,0,0,1,0,0,1,0,1,0,1,1,1,1,0, , , , , , , , , ,1,0,0,0,0,0,0,0,0, , , , , , , , , , , , , , , , ,
95,1,4,2,3,7,14,2,1,133000.0000,5,3, ,3,3, ,0.0299,0.0299, ,0.8000,0.8000, ,0.2000,0.2000, ,1,0,0.0000,0.0000,0.0000,25.0000,0.0100,0.0100,0.0100,0,1,0,1,1,0, , , ,0,0,0,0,0,1,1,0,0,0, , , , , , , , , , , , ,1,0,1,0,0,1,0,1,0,1, , , , , , , ,1,0,0, , , ,1,0,0,1,1, ,0,1,0,18, , ,1,0,0.0220, , ,2859.0000, , ,0,1,1,0,1,0, , , ,1,0,0,0,1,0,0,1,0,0,1,0,1,0,1,1,1,1,0, , , , , , , , , , , , , , , , , , ,1,0,0,0,0,0,0,0,0, , , , , , , ,
96,1,4,2,5,7,15,3,1,339900.0000,5, , ,3, , ,0.0299, , ,0.8000, , ,0.2000, , ,0,1, , , , ,0.0100, , ,0,1,0,1,1,0, , , ,0,0,0,0,0,0,0,1,0,0, , , , , , , , , , , , ,1,0,1,0,1,0,0,1,0,1, , ,6500.0000, ,1,0,0,1,0,0, , , ,1,0,0,1,1, ,0,1,0,18, , ,1,0,0.0230, , ,7800.0000, , ,0,1,1,0,1,0, , , ,1,0,0,0,1,0,0,1,0,0,1,0,1,0,1,1,1,1,0, , , , , , , , , , , , , , , , , , , , , , , , , , , ,1,0,0,0,0,0,0,
97,1,5,1,1,6,9,2,1,138900.0000,5, , ,3, , ,0.0420, , ,0.8000, , ,0.2000, , ,0,1, , , , ,0.0100, , ,0,1,0,1,1,0, , , ,0,0,0,0,1,0,0,0,0,0, , , , , , , , , , , , ,1,0,0,1,1,0,0,1,0,1, , ,3736.0000, ,1,0,0, , , , , , ,1,0,0,1,1,6.0000,0,1,0,13, , ,0,1,0.0360, , ,4968.0000, , ,0,1,1,0,1,0, , , ,1,0,0,0,1,0,0,1,0,0,1,0,1,0,1,0,1,1,0,0,1,0,0,1,0,0,0,0, , , , , , , , , , , , , , , , , , , , , , , , , ,
98,1,5,1,5,1,5,2,1,238200.0000,5,3,1,3,3,3,0.0279,0.0245,0.0279,0.8000,0.8000,0.8000,0.2000,0.2000,0.2000,0,1, , , , ,0.0100,0.0100,0.0100,0,1,0,1,1,0, , , ,0,0,0,0,1,0,0,0,0,0, , , , , , , , , , , , ,1,0,0,1,1,0,0,1,0,1, , ,5500.0000, ,0,1,0, , , , , , ,1,0,0,1,1,6.0000,0,1,0,10, , ,0,1,0.0250, , ,6000.0000, , ,0,1,1,0,1,0, , , ,1,0,0,0,1,0,0,1,0,0,1,0,1,0,1,0,1,1,0, , , , , , , , , , , , , , , , , , , , , , , , , , , ,0,1,0,1,0,0,0,
99,1,5,1,3,1,6,3,1,107630.0000,5, , ,3, , ,0.0275, , ,0.8000, , ,0.2000, , ,0,1, , , , ,0.0100, , ,0,1,0,1,1,0, , , ,0,0,0,0,1,0,0,0,0,0, , , , , , , , , , , , ,1,0,0,1,1,0,0,1,0,1, , ,2504.0000, ,0,1,0, , , , , , ,1,0,0,1,1, ,0,1,0,10, , ,0,1,0.0260, , ,2730.0000, , ,0,1,1,0,1,0, , , ,1,0,0,0,1,0,0,1,0,0,1,0,1,0,1,1,0,1,0, , , , , , , , , , , , , , , , , , ,0,1,0,1,0,0,0,0,0, , , , , , , ,
100,1,5,1,1,3,3,2,1,135900.0000,3,5, ,3,3, ,0.0299,0.0299, ,0.8000,0.8000, ,0.2000,0.2000, ,1,0,0.0000,0.0000, ,25.0000,0.0100,0.0100, ,0,1,1,0,0,1, , , ,0,0,0,0,0,0,1,0,0,0,1,0,0,0,2900.0000,2953.0000,1,0,1,0,1,0,1,0,0,1,1,0,0,1,0,1, , ,2610.0000, ,0,1,0, , , , , , ,1,0,0,1,1,6.0000,0,1,0,13, , ,0,1,0.0330, , ,4465.0000, , ,0,1,1,0,1,0, , , ,1,0,0,0,1,0,0,1,0,0,1,0,1,0,1,0,1,1,0,0,1,1,0,0,0,0,0,0, , , , , , , , , , , , , , , , , , , , , , , , , ,
101,1,5,1,1,4,7,2,1,114999.0000,1,5, ,3,3, ,0.0290,0.0290, ,0.8000,0.8000, ,0.2000,0.2000, ,1,0,0.0000,0.0000, ,20.0000,0.0100,0.0100, ,0,1,0,1,1,0, , , ,0,0,0,0,1,0,0,0,0,0, , , , , , , , , , , , ,1,0,0,1,0,1,0,1,0,1, , , , , , , , , , , , , ,1,0,0,1,1,6.0000, , , ,16,10, ,1,1,0.0230,0.0230, ,3700.0000,3700.0000, ,0,1,1,0,1,0, , , ,1,0,0,0,1,0,0,1,0,0,1,0,1,0,1,0,1,1,0,0,1,0,1,0,0,0,0,0, , , , , , , , , , , , , , , , , , , , , , , , , ,
102,1,5,1,3,4,10,3,1,121999.0000,1,5, ,3,3, ,0.0290,0.0290, ,0.8000,0.8000, ,0.2000,0.2000, ,1,0,0.0000,0.0000, ,25.0000,0.0100,0.0100, ,0,1,0,1,1,0, , , ,0,0,0,0,1,0,0,0,0,0, , , , , , , , , , , , ,0,1,0,1,0,1,0,1,0,1, , , , , , , , , , , , , ,1,0,0,1,1,6.0000,0,1,0,10, , ,0,1,0.0280, , ,3415.0000, , ,0,1,1,0,1,0, , , ,1,0,0,0,1,0,0,1,0,0,1,0,1,0,1,0,1,1,0, , , , , , , , , , , , , , , , , , ,0,1,0,0,1,0,0,0,0, , , , , , , ,
103,1,5,1,2,5,8,3,1,90300.0000,1,5, ,3,3, ,0.0290,0.0290, ,0.8000,0.8000, ,0.2000,0.2000, ,1,0,0.0000,0.0000, ,25.0000,0.0100,0.0100, ,0,1,0,1,1,0, , , ,0,0,0,0,1,0,0,0,0,0, , , , , , , , , , , , ,1,0,0,1,0,1,0,1,0,1, , , , , , , , , , , , , ,0,1,0,1, , , , , ,10, , ,1,0,0.0280, , ,2438.0000, , ,0,1,0,1,1,0, , , ,1,0,0,0,1,0,0,1,0,0,1,1,0,0,1,0,1,1,0, , , , , , , , , ,0,1,0,1,0,0,0,0,0, , , , , , , , , , , , , , , , ,
104,1,5,1,5,6,1,2,1,269000.0000,5,3,4,3,3,3,0.0269,0.0269,0.0269,0.8000,0.8000,0.8000,0.2000,0.2000,0.2000,0,1, , , , ,0.0100,0.0100,0.0100,0,1,0,1,1,0, , , ,0,0,0,0,1,0,0,0,0,0, , , , , , , , , , , , ,1,0,0,1,1,0,0,1,0,1, , ,7800.0000, , , , , , , , , , ,1,0,0,1,1,6.0000,0,1,0,13, , ,0,1,0.0300, , ,8000.0000, , ,0,1,1,0,1,0, , , ,1,0,0,0,1,0,0,1,0,0,1,0,1,0,1,0,1,0,1, , , , , , , , , , , , , , , , , , , , , , , , , , , ,0,1,1,0,0,0,0,
105,1,5,1,2,6,11,1,2,76900.0000,5, , ,3, , ,0.0320, , ,0.8000, , ,0.2000, , ,0,1, , , , ,0.0100, , ,0,1,0,1,1,0, , , ,0,0,0,0,0,0,0,1,0,0,0,0,1,0,1823.0000,7055.0000,1,0,1,0,1,0,1,0,0,1,1,0,0,1,0,1, , ,2069.0000, ,0,1,0, , , , , , ,1,0,0,1,1,6.0000,0,1,0,13, , ,0,1,0.0500, , ,3892.0000, , ,0,1,1,0,1,0, , , ,1,0,0,0,1,0,0,1,0,0,1,0,1,0,1,0,1,0,1, , , , , , , , , ,0,1,0,0,1,0,0,0,0, , , , , , , , , , , , , , , , ,
106,1,5,1,3,6,4,2,1,152900.0000,5, , ,3, , ,0.0320, , ,0.8000, , ,0.2000, , ,0,1, , , , ,0.0100, , ,0,1,0,1,1,0, , , ,0,0,0,0,1,0,0,0,0,0, , , , , , , , , , , , ,1,0,0,1,1,0,0,1,0,1, , ,3043.0000, ,0,1,0, , , , , , ,1,0,0,1,1,6.0000,0,1,0,13, , ,0,1,0.0360, , ,5466.0000, , ,0,1,1,0,1,0, , , ,1,0,0,0,1,0,0,1,0,0,1,0,1,0,1,0,1,1,0, , , , , , , , , , , , , , , , , , ,0,1,1,0,0,0,0,0,0, , , , , , , ,
107,1,5,1,2,2,2,3,1,88400.0000,4,3,5,3,3,3,0.0103,0.0103,0.0103,0.8000,0.8000,0.8000,0.2000,0.2000,0.2000,1,0,0.0000,0.0000,0.0000,25.0000,0.0100,0.0100,0.0100,0,1,0,1,1,0, , , ,0,0,0,0,1,0,0,0,0,0, , , , , , , , , , , , ,0,1,0,1,0,1,0,1,0,1, , , , , , , , , , , , , ,0,1,0,1, , , , , , , , ,1,0,0.0440, , ,3900.0000, , ,0,1,1,0,0,1, , , ,0,1, , , , , ,0,1,0,1,0,1,0,1,0,1,1,0, , , , , , , , , ,0,1,1,0,0,0,0,0,0, , , , , , , , , , , , , , , , ,
108,1,5,1,1,7,12,2,1,122828.0000,5,3, ,3,3, ,0.0299,0.0299, ,0.8000,0.8000, ,0.2000,0.2000, ,0,1,0.0000,0.0000, ,20.0000,0.0100,0.0100, ,0,1,0,1,1,0, , , ,0,0,0,1,0,0,0,0,0,0, , , , , , , , , , , , ,1,0,0,1,1,0,0,1,0,1, , ,1130.0000, ,1,0,0, , , , , , ,1,0,0,1,1,6.0000,0,1,0,10, , ,0,1,0.0300, , ,3750.0000, , ,0,1,1,0,1,0, , , ,1,0,0,0,1,0,0,1,0,0,1,0,1,0,1,0,1,1,0,1,0,0,0,0,0,0,0,0, , , , , , , , , , , , , , , , , , , , , , , , , ,
109,1,5,1,2,7,13,2,1,76000.0000,3, ,5,3,3,3,0.0299,0.0299,0.0299,0.8000,0.8000,0.8000,0.2000,0.2000,0.2000,0,1,0.0000,0.0000,0.0000,20.0000,0.0100,0.0100,0.0100,0,1,0,1,1,0, , , ,0,0,0,1,0,0,0,0,0,0, , , , , , , , , , , , ,1,0,1,0,0,1,0,1,0,1, , , , , , , ,1,0,0, , , ,1,0,0,1,1,6.0000,0,1,0,10, , ,0,1,0.0400, , ,2970.0000, , ,0,1,1,0,1,0, , , ,1,0,0,0,1,0,0,1,0,0,1,0,1,0,1,0,1,1,0, , , , , , , , , ,1,0,0,0,0,0,0,0,0, , , , , , , , , , , , , , , , ,
110,1,5,1,3,7,14,3,1,126000.0000,3, , ,3, , ,0.0289, , ,0.8000, , ,0.2000, , ,1,0,0.0000, , ,25.0000,0.0100, , ,0,1,0,1,1,0, , , ,0,0,0,0,0,0,0,1,0,0, , , , , , , , , , , , ,1,0,1,0,0,1,0,1,0,1, , , , , , , ,1,0,0, , , ,1,0,0,1,1, ,0,1,0,18, , ,1,0,0.0220, , ,2709.0000, , ,0,1,1,0,0,1, , , ,1,0,0,0,1,0,0,1,0,0,1,0,1,0,1,0,1,1,0, , , , , , , , , , , , , , , , , , ,1,0,0,0,0,0,0,0,0, , , , , , , ,
111,1,5,1,5,7,15,3,1,339900.0000,4, , ,3, , ,0.0269, , ,0.8000, , ,0.2000, , ,0,1, , , , ,0.0100, , ,0,1,0,1,1,0, , , ,0,0,0,0,0,0,0,1,0,0, , , , , , , , , , , , ,1,0,1,0,1,0,0,1,0,1, , ,5800.0000, ,1,0,0,1,0,0, , , ,1,0,0,1,1, ,0,1,0,18, , ,1,0,0.0200, , ,6798.0000, , ,0,1,1,0,1,0, , , ,1,0,0,0,1,0,0,1,0,0,1,0,1,0,1,1,1,1,0, , , , , , , , , , , , , , , , , , , , , , , , , , , ,1,0,0,0,0,0,0,
112,1,5,2,1,6,9,2,1,138900.0000,5,3,1,3,3,3,0.0350,0.0350,0.0350,0.8000,0.8000,0.8000,0.2000,0.2000,0.2000,0,1, , , , ,0.0100,0.0100,0.0100,0,1,0,1,1,0, , , ,0,0,0,0,1,0,0,0,0,0, , , , , , , , , , , , ,1,0,0,1,1,0,0,1,0,1, , ,3736.0000, ,1,0,0, , , , , , ,1,0,0,1,1,6.0000,0,1,0,13, , ,0,1,0.0420, , ,5840.0000, , ,0,1,1,0,1,0, , , ,1,0,0,0,1,0,0,1,0,0,1,0,1,0,1,0,1,1,0,0,1,0,0,1,0,0,0,0, , , , , , , , , , , , , , , , , , , , , , , , , ,
113,1,5,2,5,1,5,2,1,239000.0000,5,3,4,3,3,3,0.0299,0.0275,0.0359,0.8000,0.8000,0.8000,0.2000,0.2000,0.2000,0,1, , , , ,0.0100,0.0100,0.0100,0,1,0,1,1,0, , , ,0,0,0,0,0,0,0,0,1,0, , , , , , , , , , , , ,1,0,0,1,1,0,0,1,0,1, , ,3132.0000, ,0,1,0, , , , , , ,1,0,0,1,1,6.0000,0,1,0,16,10, ,0,1,0.0250,0.0250, ,6000.0000,6000.0000, ,0,1,1,0,1,0, , , ,1,0,0,0,1,0,0,1,0,0,1,0,1,0,1,0,1,1,0, , , , , , , , , , , , , , , , , , , , , , , , , , , ,0,1,0,1,0,0,0,
114,1,5,2,3,1,6,3,1,108000.0000,5,3,4,3,3,3,0.0299,0.0275,0.0359,0.8000,0.8000,0.8000,0.2000,0.2000,0.2000,0,1, , , , ,0.0100,0.0100,0.0100,0,1,0,1,1,0, , , ,0,0,0,0,0,0,0,0,1,0, , , , , , , , , , , , ,1,0,0,1,1,0,0,1,0,1, , ,3134.0000, ,0,1,0, , , , , , ,1,0,0,1,1, ,0,1,0,16,10, ,0,1,0.0350,0.0350, ,3700.0000,3700.0000, ,0,1,1,0,1,0, , , ,1,0,0,0,1,0,0,1,0,0,1,0,1,0,1,1,0,1,0, , , , , , , , , , , , , , , , , , ,0,1,0,1,0,0,0,0,0, , , , , , , ,
115,1,5,2,1,3,3,2,1,135900.0000,5,3,4,3,3,3,0.0299,0.0335,0.0299,0.8000,0.8000,0.8000,0.2000,0.2000,0.2000,1,0,0.0000,0.0000,0.0000,25.0000,0.0100,0.0100,0.0100,0,1,1,0,0,1, , , ,0,0,0,0,1,0,0,0,0,0, , , , , , , , , , , , ,1,0,0,1,1,0,0,1,0,1, , ,2639.0000, ,0,1,0, , , , , , ,1,0,0,1,1,6.0000,0,1,0,13, , ,0,1,0.0400, , ,5581.0000, , ,0,1,1,0,1,0, , , ,1,0,0,0,1,0,0,1,0,0,1,0,1,0,1,0,1,1,0,0,1,1,0,0,0,0,0,0, , , , , , , , , , , , , , , , , , , , , , , , , ,
116,1,5,2,1,4,7,2,1,114999.0000,5,3,1,3,3,3,0.0290,0.0245,0.0279,0.8000,0.8000,0.8000,0.2000,0.2000,0.2000,1,0,0.0000,0.0000,0.0000,20.0000,0.0100,0.0100,0.0100,0,1,0,1,1,0, , , ,0,0,0,0,0,0,0,0,1,0, , , , , , , , , , , , ,1,0,0,1,0,1,0,1,0,1, , , , , , , , , , , , , ,1,0,0,1,1,6.0000, , , ,10, , ,0,1,0.0230, , ,3700.0000, , ,0,1,1,0,1,0, , , ,1,0,0,0,1,0,0,0,1,0,1,0,1,0,1,0,1,1,0,0,1,0,1,0,0,0,0,0, , , , , , , , , , , , , , , , , , , , , , , , , ,
117,1,5,2,3,4,10,3,1,121999.0000,5,3,1,3,3,3,0.0290,0.0245,0.0279,0.8000,0.8000,0.8000,0.2000,0.2000,0.2000,1,0,0.0000,0.0000,0.0000,25.0000,0.0100,0.0100,0.0100,0,1,0,1,1,0, , , ,0,0,0,0,0,0,0,0,1,0, , , , , , , , , , , , ,0,1,0,1,0,1,0,1,0,1, , , , , , , , , , , , , ,1,0,0,1,1,6.0000,0,1,0,10, , ,0,1,0.0280, , ,3450.0000, , ,0,1,1,0,1,0, , , ,1,0,0,0,1,0,0,0,1,0,1,0,1,0,1,0,1,1,0, , , , , , , , , , , , , , , , , , ,0,1,0,0,1,0,0,0,0, , , , , , , ,
118,1,5,2,2,5,8,3,1,90300.0000,5,1, ,3,3, ,0.0290,0.0290, ,0.8000,0.8000, ,0.2000,0.2000, ,1,0,0.0000,0.0000, ,25.0000,0.0100,0.0100, ,0,1,0,1,1,0, , , ,0,0,0,0,1,0,0,0,0,0, , , , , , , , , , , , ,1,0,0,1,0,1,0,1,0,1, , , , , , , , , , , , , ,0,1,0,1, , , , , ,10, , ,1,0,0.0300, , ,2709.0000, , ,0,1,0,1,1,0, , , ,1,0,0,0,1,0,0,1,0,0,1,1,0,0,1,0,1,1,0, , , , , , , , , ,0,1,0,1,0,0,0,0,0, , , , , , , , , , , , , , , , ,
119,1,5,2,5,6,1,2,1,269000.0000,5,3,1,3,3,3,0.0350,0.0350,0.0350,0.8000,0.8000,0.8000,0.2000,0.2000,0.2000,0,1, , , , ,0.0100,0.0100,0.0100,0,1,0,1,1,0, , , ,0,0,0,0,1,0,0,0,0,0, , , , , , , , , , , , ,1,0,0,1,1,0,0,1,0,1, , ,5371.0000, ,0,1,0, , , , , , ,1,0,0,1,1,6.0000,0,1,0,13, , ,0,1,0.0310, , ,8473.0000, , ,0,1,1,0,1,0, , , ,1,0,0,0,1,0,0,1,0,0,1,0,1,0,1,0,1,0,1, , , , , , , , , , , , , , , , , , , , , , , , , , , ,0,1,1,0,0,0,0,
120,1,5,2,2,6,11,1,2,76900.0000,1,3,5,3,3,3,0.0320,0.0320,0.0320,0.8000,0.8000,0.8000,0.2000,0.2000,0.2000,0,1, , , , ,0.0100,0.0100,0.0100,0,1,0,1,1,0, , , ,0,0,0,0,0,0,0,1,0,0,0,0,1,0,1823.0000,7055.0000,1,0,1,0,1,0,1,0,0,1,1,0,0,1,0,1, , ,2000.0000, ,0,1,0, , , , , , ,1,0,0,1,1,6.0000,0,1,0,13, , ,0,1,0.0480, , ,3600.0000, , ,0,1,1,0,1,0, , , ,1,0,0,0,1,0,0,1,0,0,1,0,1,0,1,0,1,0,1, , , , , , , , , ,0,1,0,0,1,0,0,0,0, , , , , , , , , , , , , , , , ,
121,1,5,2,3,6,4,2,1,155900.0000,3,5,1,3, , ,0.0300,0.0300,0.0315,0.8000,0.8000,0.8000,0.2000,0.2000,0.2000,0,1, , , , ,0.0100,0.0100,0.0100,0,1,0,1,1,0, , , ,0,0,0,0,1,0,0,0,0,0, , , , , , , , , , , , ,1,0,0,1,1,0,0,1,0,1, , ,3102.0000, ,0,1,0, , , , , , ,1,0,0,1,1,6.0000,0,1,0,13, , ,0,1,0.0360, , ,5500.0000, , ,0,1,1,0,1,0, , , ,1,0,0,0,1,0,0,1,0,0,1,0,1,0,1,0,1,1,0, , , , , , , , , , , , , , , , , , ,0,1,1,0,0,0,0,0,0, , , , , , , ,
122,1,5,2,2,2,2,3,1,88400.0000,5,3,4,3,3,3,0.0179,0.0179,0.0179,0.8000,0.8000,0.8000,0.2000,0.2000,0.2000,1,0,0.0000,0.0000,0.0000,25.0000,0.0100,0.0100,0.0100,0,1,0,1,1,0, , , ,0,0,0,0,0,0,0,0,1,0, , , , , , , , , , , , ,0,1,0,1,0,1,0,1,0,1, , , , , , , , , , , , , ,0,1,0,1, , , , , ,16,13, ,0,1,0.0450,0.0450, ,3978.0000,3978.0000, ,0,1,1,0,0,1, , , ,0,1, , , , , ,0,1,0,1,0,1,0,1,0,1,1,0, , , , , , , , , ,0,1,1,0,0,0,0,0,0, , , , , , , , , , , , , , , , ,
123,1,5,2,1,7,12,2,1,123500.0000,5,3, ,3,3, ,0.0299,0.0299, ,0.8000,0.8000, ,0.2000,0.2000, ,0,1,0.0000,0.0000, ,20.0000,0.0100,0.0100, ,0,1,0,1,1,0, , , ,0,0,0,1,0,0,0,0,0,0, , , , , , , , , , , , ,1,0,0,1,1,0,0,1,0,1, , ,1130.0000, ,1,0,0, , , , , , ,1,0,0,1,1,6.0000,0,1,0,18, , ,0,1,0.0260, , ,2920.0000, , ,0,1,1,0,1,0, , , ,1,0,0,0,1,0,0,1,0,0,1,0,1,0,1,0,1,1,0,1,0,0,0,0,0,0,0,0, , , , , , , , , , , , , , , , , , , , , , , , , ,
124,1,5,2,2,7,13,2,1,76000.0000,5, ,3,3,3,3,0.0299,0.0299,0.0299,0.8000,0.8000,0.8000,0.2000,0.2000,0.2000,0,1,0.0000,0.0000,0.0000,20.0000,0.0100,0.0100,0.0100,0,1,0,1,1,0, , , ,0,0,0,1,0,0,0,0,0,0, , , , , , , , , , , , ,1,0,1,0,0,1,0,1,0,1, , , , , , , ,1,0,0, , , ,1,0,0,1,1,6.0000,0,1,0,10, , ,0,1,0.0280, , ,2100.0000, , ,0,1,1,0,1,0, , , ,1,0,0,0,1,0,0,1,0,0,1,0,1,0,1,0,1,1,0, , , , , , , , , ,1,0,0,0,0,0,0,0,0, , , , , , , , , , , , , , , , ,
125,1,5,2,3,7,14,3,1,126000.0000,3,5, ,3,3, ,0.0299,0.0299, ,0.8000,0.8000, ,0.2000,0.2000, ,1,0,0.0000,0.0000, ,25.0000,0.0100,0.0100, ,0,1,0,1,1,0, , , ,0,0,0,0,0,0,0,1,0,0, , , , , , , , , , , , ,1,0,1,0,0,1,0,1,0,1, , , , , , , ,1,0,0, , , ,1,0,0,1,1, ,0,1,0,18, , ,1,0,0.0220, , ,2709.0000, , ,0,1,1,0,0,1, , , ,1,0,0,0,1,0,0,1,0,0,1,0,1,0,1,0,1,1,0, , , , , , , , , , , , , , , , , , ,1,0,0,0,0,0,0,0,0, , , , , , , ,
126,1,5,2,5,7,15,3,1,284900.0000,5, , ,3, , ,0.0299, , ,0.8000, , ,0.2000, , ,0,1, , , , ,0.0100, , ,0,1,0,1,1,0, , , ,0,0,0,0,0,0,0,1,0,0, , , , , , , , , , , , ,1,0,1,0,1,0,0,1,0,1, , ,5500.0000, ,1,0,0,1,0,0, , , ,1,0,0,1,1, ,0,1,0,18, , ,1,0,0.0150, , ,4273.5000, , ,0,1,1,0,1,0, , , ,1,0,0,0,1,0,0,1,0,0,1,0,1,0,1,1,1,1,0, , , , , , , , , , , , , , , , , , , , , , , , , , , ,1,0,0,0,0,0,0,
127,1,6,1,1,6,9,2,2,136900.0000,5,3,4,3,3,3,0.0300,0.0300,0.0300,0.8000,0.8000,0.8000,0.2000,0.2000,0.2000,0,1, , , , ,0.0100,0.0100,0.0100,0,1,0,1,1,0, , , ,0,0,0,0,0,0,1,0,0,0, , , , , , , , , , , , ,1,0,0,1,1,0,0,1,0,1, , ,3683.0000, ,1,0,0, , , , , , ,1,0,0,1,1,6.0000,0,1,0,13, , ,0,1,0.0280, , ,3738.0000, , ,0,1,1,0,1,0, , , ,1,0,0,0,1,0,0,1,0,0,1,0,1,0,1,0,1,1,0,0,1,0,0,1,0,0,0,0, , , , , , , , , , , , , , , , , , , , , , , , , ,
128,1,6,1,5,1,5,2,1,238300.0000,5,3,1,3,3,3,0.0279,0.0299,0.0279,0.8000,0.8000,0.8000,0.2000,0.2000,0.2000,0,1,0.1500,0.1500,0.1500, ,0.0100,0.0100,0.0100,0,1,0,1,1,0, , , ,0,0,0,0,1,0,0,0,0,0, , , , , , , , , , , , ,1,0,0,1,1,0,0,1,0,1, , ,2300.0000, ,0,1,0, , , , , , ,0,1,0,1, , , , , ,16, , ,0,1,0.0250, , ,6000.0000, , ,0,1,1,0,1,0, , , ,1,0,0,0,1,0,0,1,0,0,1,0,1,0,1,0,1,0,1, , , , , , , , , , , , , , , , , , , , , , , , , , , ,0,1,0,1,0,0,0,
129,1,6,1,3,1,6,3,1,113295.0000,5,3,4,3,3,3,0.0250,0.0250,0.0250,0.8000,0.8000,0.8000,0.2000,0.2000,0.2000,0,1,0.1500,0.1500,0.1500, ,0.0100,0.0100,0.0100,0,1,0,1,1,0, , , ,0,0,0,0,0,0,1,0,0,0, , , , , , , , , , , , ,1,0,0,1,1,0,0,1,0,1, , ,1526.0000, ,1,0,0, , , , , , ,0,1,0,1, , , , , ,10, , ,0,1,0.0270, , ,3000.0000, , ,0,1,1,0,1,0, , , ,1,0,0,0,1,0,0,0,1,0,1,0,1,0,1,0,1,1,0, , , , , , , , , , , , , , , , , , ,0,1,0,1,0,0,0,0,0, , , , , , , ,
130,1,6,1,1,3,3,2,1,124900.0000,5,3,2,3,3,3,0.0279,0.0279,0.0279,0.8000,0.8000,0.8000,0.2000,0.2000,0.2000,0,1,0.1000,0.1000,0.1000, ,0.0100,0.0100,0.0100,0,1,0,1,1,0, , , ,0,0,0,0,1,0,0,0,0,0,1,0,0,0,2953.0000,5000.0000,1,0,1,0,1,0,1,0,0,1,1,0,0,1,0,1, , ,2610.0000, ,0,1,0, , , , , , ,1,0,0,1,1,6.0000,0,1,0,13, , ,0,1,0.0400, , ,5254.0000, , ,0,1,1,0,1,0, , , ,1,0,0,0,1,0,0,1,0,0,1,0,1,0,1,0,1,1,0,0,1,1,0,0,0,0,0,0, , , , , , , , , , , , , , , , , , , , , , , , , ,
131,1,6,1,1,4,7,2,1,114999.0000,5,3, ,3,3, ,0.0290,0.0290, ,0.8000,0.8000, ,0.2000,0.2000, ,1,0,0.0000,0.0000,0.0000,20.0000,0.0100,0.0100, ,0,1,0,1,1,0, , , ,0,0,0,0,0,0,1,0,0,0, , , , , , , , , , , , ,1,0,0,1,0,1,0,1,0,1, , , , , , , , , , , , , ,0,1,0,1, , , , , ,10, , ,0,1,0.0300, , ,3380.0000, , ,0,1,1,0,1,0, , , ,1,0,0,0,1,0,0,0,1,0,1,0,1,0,1,0,1,1,0,0,1,0,1,0,0,0,0,0, , , , , , , , , , , , , , , , , , , , , , , , , ,
132,1,6,1,3,4,10,3,1,142999.0000,5,3, ,3,3, ,0.0290,0.0290, ,0.8000,0.8000, ,0.2000,0.2000, ,1,0,0.0000,0.0000, ,25.0000,0.0100,0.0100, ,0,1,0,1,1,0, , , ,0,0,0,0,0,0,1,0,0,0, , , , , , , , , , , , ,0,1,0,1,0,1,0,1,0,1, , , , , , , , , , , , , ,1,0,0,1,1,6.0000,0,1,0,10, , ,0,1,0.0280, , ,4200.0000, , ,0,1,1,0,1,0, , , ,1,0,0,0,1,0,0,0,1,0,1,0,1,0,1,0,1,1,0, , , , , , , , , , , , , , , , , , ,0,1,0,0,1,0,0,0,0, , , , , , , ,
133,1,6,1,2,5,8,3,1,90300.0000,1,3,5,3,3,3,0.0269,0.0269,0.0269,0.8000,0.8000,0.8000,0.2000,0.2000,0.2000,1,0,0.0000,0.0000,0.0000,25.0000,0.0100,0.0100,0.0100,0,1,0,1,1,0, , , ,0,0,0,0,0,0,0,1,0,0, , , , , , , , , , , , ,1,0,0,1,0,1,0,1,0,1, , , , , , , , , , , , , ,0,1,0,1, , , , , ,10, , ,1,0,0.0300, , ,2800.0000, , ,0,1,0,1,1,0, , , ,1,0,0,0,1,0,0,1,0,0,1,1,0,0,1,0,1,1,0, , , , , , , , , ,0,1,0,1,0,0,0,0,0, , , , , , , , , , , , , , , , ,
134,1,6,1,5,6,1,2,2,269000.0000,3,4, ,3,3, ,0.0300,0.0300, ,0.8000,0.8000, ,0.2000,0.2000, ,0,1, , , , ,0.0100,0.0100, ,0,1,0,1,1,0, , , ,0,0,0,0,1,0,0,0,0,0, , , , , , , , , , , , ,1,0,0,1,1,0,0,1,0,1, , ,5200.0000, ,0,1,0, , , , , , ,1,0,0,1,1,6.0000,0,1,0,13, , ,0,1,0.0300, , ,8070.0000, , ,0,1,1,0,1,0, , , ,1,0,0,0,1,0,0,1,0,0,1,0,1,0,1,0,1,0,1, , , , , , , , , , , , , , , , , , , , , , , , , , , ,0,1,1,0,0,0,0,
135,1,6,1,2,6,11,1,2,76900.0000,5,4, ,3,3, ,0.0300,0.0300, ,0.8000,0.8000, ,0.2000,0.2000, ,0,1, , , , ,0.0100,0.0100, ,0,1,0,1,1,0, , , ,0,0,0,0,1,0,0,0,0,0, , , , , , , , , , , , ,1,0,0,1,1,0,0,1,0,1, , ,1800.0000, ,0,1,0, , , , , , ,1,0,0,1,1,6.0000,0,1,0,13, , ,0,1,0.0450, , ,3300.0000, , ,0,1,1,0,1,0, , , ,1,0,0,0,1,0,0,1,0,0,1,0,1,0,1,0,1,0,1, , , , , , , , , ,0,1,0,0,1,0,0,0,0, , , , , , , , , , , , , , , , ,
136,1,6,1,3,6,4,2,1,152900.0000,5,3,4,3,3,3,0.0300,0.0300,0.0315,0.8000,0.8000,0.8000,0.2000,0.2000,0.2000,0,1, , , , ,0.0100,0.0100,0.0100,0,1,0,1,1,0, , , ,0,0,0,0,1,0,0,0,0,0, , , , , , , , , , , , ,1,0,0,1,1,0,0,1,0,1, , ,3043.0000, ,0,1,0, , , , , , ,1,0,0,1,1,6.0000,0,1,0,13, , ,0,1,0.0200, , ,3058.0000, , ,0,1,1,0,1,0, , , ,1,0,0,0,1,0,0,1,0,0,1,0,1,0,1,0,1,1,0, , , , , , , , , , , , , , , , , , ,0,1,1,0,0,0,0,0,0, , , , , , , ,
137,1,6,1,2,2,2,3,1,88400.0000,4,3,5,3,3,3,0.0179,0.0179,0.0179,0.8000,0.8000,0.8000,0.2000,0.2000,0.2000,0,1, , , , ,0.0100,0.0100,0.0100,0,1,0,1,1,0, , , ,0,0,0,0,0,0,0,1,0,0, , , , , , , , , , , , ,0,1,0,1,0,1,0,1,0,1, , , , , , , , , , , , , ,0,1,0,1, , , , , , , , ,0,1,0.0500, , ,4420.0000, , ,0,1,1,0,0,1, , , ,0,1, , , , , ,0,1,0,1,0,1,0,1,0,1,1,0, , , , , , , , , ,0,1,1,0,0,0,0,0,0, , , , , , , , , , , , , , , , ,
138,1,6,1,1,7,12,2,1,123500.0000,4,5,3,3,3,3,0.0299,0.0299,0.0299,0.8000,0.8000,0.8000,0.2000,0.2000,0.2000,0,1,0.0000,0.0000,0.0000,20.0000,0.0100,0.0100,0.0100,0,1,0,1,1,0, , , ,0,0,0,0,0,0,1,0,0,0, , , , , , , , , , , , ,1,0,0,1,1,0,0,1,0,1, , ,2540.0000, ,1,0,0, , , , , , ,1,0,0,1,1,6.0000,0,1,0,18, , ,0,1,0.0230, , ,1905.0000, , ,0,1,1,0,1,0, , , ,1,0,0,0,1,0,0,1,0,0,1,0,1,0,1,0,1,1,0,1,0,0,0,0,0,0,0,0, , , , , , , , , , , , , , , , , , , , , , , , , ,
139,1,6,1,2,7,13,2,1,66000.0000,4,5,3,3,3,3,0.0299,0.0299,0.0299,0.8000,0.8000,0.8000,0.2000,0.2000,0.2000,1,0,0.0000,0.0000,0.0000,20.0000,0.0100,0.0100,0.0100,0,1,0,1,1,0, , , ,0,0,0,0,0,0,1,0,0,0, , , , , , , , , , , , ,1,0,1,0,0,1,0,1,0,1, , , , , , , ,1,0,0, , , ,1,0,0,1,1,6.0000,0,1,0,10, , ,0,1,0.0250, , ,1320.0000, , ,0,1,1,0,1,0, , , ,1,0,0,0,1,0,0,1,0,0,1,0,1,0,1,0,1,1,0, , , , , , , , , ,1,0,0,0,0,0,0,0,0, , , , , , , , , , , , , , , , ,
140,1,6,1,3,7,14,3,1,126000.0000,4,5,3,3,3,3,0.0299,0.0299,0.0299,0.8000,0.8000,0.8000,0.2000,0.2000,0.2000,1,0,0.0000,0.0000,0.0000,25.0000,0.0100,0.0100,0.0100,0,1,0,1,1,0, , , ,0,0,0,0,0,0,1,0,0,0, , , , , , , , , , , , ,1,0,1,0,0,1,0,1,0,1, , , , , , , ,1,0,0, , , ,1,0,0,1,1, ,0,1,0, , , ,1,0,0.0150, , ,1890.0000, , ,0,1,1,0,0,1, , , ,1,0,0,0,1,0,0,1,0,0,1,0,1,0,1,0,1,1,0, , , , , , , , , , , , , , , , , , ,1,0,0,0,0,0,0,0,0, , , , , , , ,
141,1,6,1,5,7,15,3,1,339900.0000,4,5,3,3,3,3,0.0249,0.0249,0.0249,0.8000,0.8000,0.8000,0.2000,0.2000,0.2000,0,1, , , , ,0.0100, , ,0,1,0,1,1,0, , , ,0,0,0,0,0,0,1,0,0,0, , , , , , , , , , , , ,1,0,1,0,1,0,0,1,0,1, , ,6798.0000, ,1,0,0,1,0,0, , , ,1,0,0,1,1, ,0,1,0, , , ,1,0,0.0200, , ,5100.0000, , ,0,1,1,0,1,0, , , ,1,0,0,0,1,0,0,1,0,0,1,0,1,0,1,0,1,1,0, , , , , , , , , , , , , , , , , , , , , , , , , , , ,1,0,0,0,0,0,0,
142,1,6,2,1,6,9,2,2,138900.0000,1,7, ,3,3, ,0.0299,0.0299, ,0.8000,0.8000, ,0.2000,0.2000, ,0,1, , , , ,0.0100,0.0100, ,0,1,0,1,1,0, , , ,0,0,0,0,1,0,0,0,0,0, , , , , , , , , , , , ,1,0,0,1,1,0,0,1,0,1, , ,3844.0000, ,1,0,0, , , , , , ,1,0,0,1,1,6.0000,0,1,0,13, , ,0,1,0.0350, , ,4968.0000, , ,0,1,1,0,1,0, , , ,1,0,0,0,1,0,0,1,0,0,1,0,1,0,1,0,1,1,0,0,1,0,0,1,0,0,0,0, , , , , , , , , , , , , , , , , , , , , , , , , ,
143,1,6,2,5,1,5,2,1,274000.0000,3,5, ,3,3, ,0.0235,0.0264, ,0.8000,0.8000, ,0.2000,0.2000, ,0,1,0.0600, , , ,0.0100,0.0100, ,0,1,0,1,1,0, , , ,0,0,0,0,1,0,0,0,0,0, , , , , , , , , , , , ,1,0,0,1,1,0,0,1,0,1, , ,3000.0000, ,0,1,0, , , , , , ,0,1,0,1, , , , , ,10, , ,0,1,0.0250, , ,6850.0000, , ,0,1,1,0,1,0, , , ,1,0,0,0,1,0,0,1,0,0,1,0,1,0,1,0,1,0,1, , , , , , , , , , , , , , , , , , , , , , , , , , , ,0,1,0,1,0,0,0,
144,1,6,2,3,1,6,3,1,123994.0000,3,5, ,3,3, ,0.0235,0.0264, ,0.8000,0.8000, ,0.2000,0.2000, ,0,1,0.1500,0.1500, , ,0.0100,0.0100, ,0,1,0,1,1,0, , , ,0,0,0,0,1,0,0,0,0,0, , , , , , , , , , , , ,1,0,0,1,1,0,0,1,0,1, , ,3454.0000, ,0,0,1, , , , , , ,1,0,0,1,1, , , , ,10, , ,0,1,0.0250, , ,3450.0000, , ,0,1,1,0,1,0, , , ,1,0,0,0,1,0,0,1,0,0,1,0,1,0,1,1,0,1,0, , , , , , , , , , , , , , , , , , ,0,1,0,1,0,0,0,0,0, , , , , , , ,
145,1,6,2,1,3,3,2,1,124900.0000,1,5, ,3,3, ,0.0300,0.0300, ,0.8000,0.8000, ,0.2000,0.2000, ,0,1, , , , ,0.0100,0.0100,0.0100,0,1,0,1,1,0, , , ,0,0,0,0,1,0,0,0,0,0, , , , , , , , , , , , ,1,0,0,1,1,0,0,1,0,1, , ,2610.0000, ,0,1,0, , , , , , ,1,0,0,1,1,6.0000,0,1,0,13, , ,0,1,0.0360, , ,4466.0000, , ,0,1,1,0,1,0, , , ,1,0,0,0,1,0,0,1,0,0,1,0,1,0,1,0,1,1,0,0,1,1,0,0,0,0,0,0, , , , , , , , , , , , , , , , , , , , , , , , , ,
146,1,6,2,1,4,7,2,1,114999.0000,1,5, ,3,3, ,0.0299,0.0299, ,0.8000,0.8000, ,0.2000,0.2000, ,1,0,0.0000,0.0000,0.0000,20.0000,0.0100,0.0100, ,0,1,0,1,1,0, , , ,0,0,0,0,1,0,0,0,0,0, , , , , , , , , , , , ,1,0,0,1,0,1,0,1,0,1, , , , , , , , , , , , , ,0,1,0,1, , , , , ,10, , ,0,1,0.0250, , ,2870.0000, , ,0,1,1,0,1,0, , , ,1,0,0,0,1,0,0,0,1,0,1,0,1,0,1,0,1,1,0,0,1,0,1,0,0,0,0,0, , , , , , , , , , , , , , , , , , , , , , , , , ,
147,1,6,2,3,4,10,3,1,121999.0000,1,5, ,3,3, ,0.0299,0.0299, ,0.8000,0.8000, ,0.2000,0.2000, ,1,0,0.0000,0.0000, ,25.0000,0.0100,0.0100, ,0,1,0,1,1,0, , , ,0,0,0,0,1,0,0,0,0,0, , , , , , , , , , , , ,0,1,0,1,0,1,0,1,0,1, , , , , , , , , , , , , ,1,0,0,1,1,6.0000,0,1,0,10, , ,0,1,0.0280, , ,3400.0000, , ,0,1,1,0,1,0, , , ,1,0,0,0,1,0,0,0,1,0,1,0,1,0,1,0,1,1,0, , , , , , , , , , , , , , , , , , ,0,1,0,0,1,0,0,0,0, , , , , , , ,
148,1,6,2,2,5,8,3,1,90300.0000,1,5,3,3,3,3,0.0280,0.0280,0.0280,0.8000,0.8000,0.8000,0.2000,0.2000,0.2000,1,0,0.0000,0.0000,0.0000,25.0000,0.0100,0.0100,0.0100,0,1,0,1,1,0, , , ,0,0,0,0,1,0,0,0,0,0, , , , , , , , , , , , ,1,0,0,1,0,1,0,1,0,1, , , , , , , , , , , , , ,0,1,0,1, , , , , ,10, , ,1,0,0.0300, , ,2700.0000, , ,0,1,0,1,1,0, , , ,1,0,0,0,1,0,0,1,0,0,1,1,0,0,1,0,1,1,0, , , , , , , , , ,0,1,0,1,0,0,0,0,0, , , , , , , , , , , , , , , , ,
149,1,6,2,5,6,1,2,2,269000.0000,1,5,3,3,3,3,0.0300,0.0300,0.0300,0.8000,0.8000,0.8000,0.2000,0.2000,0.2000,0,1, , , , ,0.0100,0.0100,0.0100,0,1,0,1,1,0, , , ,0,0,0,0,1,0,0,0,0,0, , , , , , , , , , , , ,1,0,0,1,1,0,0,1,0,1, , ,5400.0000, ,0,1,0, , , , , , ,1,0,0,1,1,6.0000,0,1,0,13, , ,0,1,0.0300, , ,8000.0000, , ,0,1,1,0,1,0, , , ,1,0,0,0,1,0,0,1,0,0,1,0,1,0,1,0,1,0,1, , , , , , , , , , , , , , , , , , , , , , , , , , , ,0,1,1,0,0,0,0,
150,1,6,2,2,6,11,1,2,76900.0000,1,5,3,3,3,3,0.0300,0.0300,0.0300,0.8000,0.8000,0.8000,0.2000,0.2000,0.2000,0,1, , , , ,0.0100,0.0100,0.0100,0,1,0,1,1,0, , , ,0,0,0,0,0,0,0,1,0,0, , , , , , , , , , , , ,1,0,0,1,1,0,0,1,0,1, , ,2000.0000, ,0,1,0, , , , , , ,1,0,0,1,1,6.0000,0,1,0,13, , ,0,1,0.0400, , ,3000.0000, , ,0,1,1,0,1,0, , , ,1,0,0,0,1,0,0,1,0,0,1,0,1,0,1,0,1,0,1, , , , , , , , , ,0,1,0,0,1,0,0,0,0, , , , , , , , , , , , , , , , ,
151,1,6,2,3,6,4,2,2,155900.0000,3,5, ,3,3, ,0.0300,0.0300, ,0.8000,0.8000, ,0.2000,0.2000, ,0,1, , , , ,0.0100,0.0100, ,0,1,0,1,1,0, , , ,0,0,0,0,1,0,0,0,0,0, , , , , , , , , , , , ,1,0,0,1,1,0,0,1,0,1, , ,3000.0000, ,0,1,0, , , , , , ,1,0,0,1,1,6.0000,0,1,0,13, , ,0,1,0.0200, , ,3200.0000, , ,0,1,1,0,1,0, , , ,1,0,0,0,1,0,0,1,0,0,1,0,1,0,1,0,1,0,1, , , , , , , , , , , , , , , , , , ,0,1,1,0,0,0,0,0,0, , , , , , , ,
152,1,6,2,2,2,2,3,1,88400.0000,1,5,3,3,3,3,0.0158,0.0158,0.0158,0.8000,0.8000,0.8000,0.2000,0.2000,0.2000,1,0,0.0000,0.0000,0.0000,25.0000,0.0100,0.0100,0.0100,0,1,0,1,1,0, , , ,0,0,0,0,1,0,0,0,0,0, , , , , , , , , , , , ,0,1,0,1,0,1,0,1,0,1, , , , , , , , , , , , , ,0,1,0,1, , , , , , , , ,0,1,0.0400, , ,3500.0000, , ,0,1,1,0,0,1, , , ,0,1, , , , , ,0,1,0,1,0,1,0,1,0,1,1,0, , , , , , , , , ,0,1,1,0,0,0,0,0,0, , , , , , , , , , , , , , , , ,
153,1,6,2,1,7,12,2,1,123500.0000,1, , ,3, , ,0.0285, , ,0.8000, , ,0.2000, , ,0,1,0.0000, , ,20.0000,0.0100, , ,0,1,0,1,1,0, , , ,0,0,0,0,1,0,0,0,0,0,0,0,0,1,2050.0000,26920.0000,1,0,1,0, , ,1,0,0,1,1,0,0,1,0,1, , ,1250.0000, ,1,0,0, , , , , , ,1,0,0,1,1,6.0000,0,1,0, , , ,0,1,0.0300, , ,3687.0000, , ,0,1,1,0,1,0, , , ,1,0,0,0,1,0,0,1,0,0,1,0,1,0,1,0,1,1,0,1,0,0,0,0,0,0,0,0, , , , , , , , , , , , , , , , , , , , , , , , , ,
154,1,6,2,2,7,13,2,1,66000.0000,4,5,3,3,3,3,0.0299,0.0299,0.0299,0.8000,0.8000,0.8000,0.2000,0.2000,0.2000,1,0,0.0000,0.0000,0.0000,20.0000,0.0100,0.0100,0.0100,0,1,0,1,1,0, , , ,0,0,0,0,0,0,1,0,0,0, , , , , , , , , , , , ,1,0,1,0,0,1,0,1,0,1, , , , , , , ,1,0,0, , , ,1,0,0,1,1,6.0000,0,1,0,10, , ,0,1,0.0250, , ,1320.0000, , ,0,1,1,0,1,0, , , ,1,0,0,0,1,0,0,1,0,0,1,0,1,0,1,0,1,1,0, , , , , , , , , ,1,0,0,0,0,0,0,0,0, , , , , , , , , , , , , , , , ,
155,1,6,2,3,7,14,3,1,136000.0000,1,5, ,3,3, ,0.0300,0.0300, ,0.8000,0.8000, ,0.2000,0.2000, ,1,0,0.0000,0.0000, ,25.0000,0.0100,0.0100, ,0,1,0,1,1,0, , , ,0,0,0,0,1,0,0,0,0,0, , , , , , , , , , , , ,1,0,1,0,0,1,0,1,0,1, , , , , , , ,1,0,0, , , ,1,0,0,1,1, ,0,1,0, , , ,1,0,0.0220, , ,2924.0000, , ,0,1,1,0,0,1, , , ,1,0,0,0,1,0,0,1,0,0,1,0,1,0,1,0,1,1,0, , , , , , , , , , , , , , , , , , ,1,0,0,0,0,0,0,0,0, , , , , , , ,
156,1,6,2,5,7,15,3,1,339900.0000,1,5,3,3,3,3,0.0300,0.0300,0.0300,0.8000,0.8000,0.8000,0.2000,0.2000,0.2000,0,1, , , , ,0.0100,0.0100,0.0100,0,1,0,1,1,0, , , ,0,0,0,0,1,0,0,0,0,0, , , , , , , , , , , , ,1,0,1,0,1,0,0,1,0,1, , ,5800.0000, ,1,0,0,1,0,0, , , ,1,0,0,1,1, ,0,1,0, , , ,1,0,0.0180, , ,6998.0000, , ,0,1,1,0,1,0, , , ,1,0,0,0,1,0,0,1,0,0,1,0,1,0,1,0,1,1,0, , , , , , , , , , , , , , , , , , , , , , , , , , , ,1,0,0,0,0,0,0,
